Workbook

Sheet Overtime
F2: BẢNG TĂNG CA THÁNG 06/ OVERTIME TABLE JUNE
A5: No./ STT | B5: Employee ID / Mã nhân viên | C5: Employee ID / Mã nhân viên | D5: Name / Tên nhân viên | E5: Dept/ Bộ phận | F5: Position/ Chức vụ | G5: Start Date Ngày bắt đầu làm việc | H5: 46163 | I5: 46164 | J5: 46165 | K5: 46166 | L5: 46167 | M5: 46168 | N5: 46169 | O5: 46170 | P5: 46171 | Q5: 46172 | R5: 46173 | S5: 46174 | T5: 46175 | U5: 46176 | V5: 46177 | W5: 46178 | X5: 46179 | Y5: 46180 | Z5: 46181 | AA5: 46182 | AB5: 46183 | AC5: 46184 | AD5: 46185 | AE5: 46186 | AF5: 46187 | AG5: 46188 | AH5: 46189 | AI5: 46190 | AJ5: 46191 | AK5: 46192 | AL5: 46193 | AM5: Normal Overtime/ Tăng ca ban ngày ngày thường | AN5: Night OT / Tăng ca đêm ngày thường | AO5: Weekly Overtime/ Tăng ca ngày nghỉ hàng tuần | AP5: Night weekly Overtime/ Tăng ca đêm ngày nghỉ hàng tuần | AQ5: Month/ Tháng | AR5: Year/ Năm | AS5: Remarks/ Ghi chú
H6: Thu | I6: Fri | J6: Sat | K6: Sun | L6: Mon | M6: Tue | N6: Wed | O6: Thu | P6: Fri | Q6: Sat | R6: Sun | S6: Mon | T6: Tue | U6: Wed | V6: Thu | W6: Fri | X6: Sat | Y6: Sun | Z6: Mon | AA6: Tue | AB6: Wed | AC6: Thu | AD6: Fri | AE6: Sat | AF6: Sun | AG6: Mon | AH6: Tue | AI6: Wed | AJ6: Thu | AK6: Fri | AL6: Sat
H7: T5 | I7: T6 | J7: T7 | K7: CN | L7: T2 | M7: T3 | N7: T4 | O7: T5 | P7: T6 | Q7: T7 | R7: CN | S7: T2 | T7: T3 | U7: T4 | V7: T5 | W7: T6 | X7: T7 | Y7: CN | Z7: T2 | AA7: T3 | AB7: T4 | AC7: T5 | AD7: T6 | AE7: T7 | AF7: CN | AG7: T2 | AH7: T3 | AI7: T4 | AJ7: T5 | AK7: T6 | AL7: T7
A8: 1 | B8: LEP001 | C8: 1013789 | D8: Hồ Mỹ Phương | E8: Finance | F8: Finance & Accounting Manager | G8: 28/04/2025 | AM8: =SUM(H8:AL8)-AN8-AO8 -> 0 | AO8: =J8+K8+Q8+R8+X8+Y8+AE8+AL8 -> 0 | AQ8: 6 | AR8: 2026
A9: 2 | B9: LEP003 | C9: 1014016 | D9: Nguyễn Cang | E9: Production | F9: Production Supervisor | G9: 26/05/2025 | J9: 8.5 | Q9: 8.5 | X9: 8.5 | AM9: =SUM(H9:AL9)-AN9-AO9 -> 0 | AO9: =J9+K9+Q9+R9+X9+Y9+AE9+AL9 -> 25.5 | AQ9: 6 | AR9: 2026
A10: 3 | B10: LEP004 | C10: 1014096 | D10: Lê Thành Hưng | E10: EHS | F10: EHS Engineer | G10: 09/06/2025 | AM10: =SUM(H10:AL10)-AN10-AO10 -> 0 | AO10: =J10+K10+Q10+R10+X10+Y10+AE10+AL10 -> 0 | AQ10: 6 | AR10: 2026
A11: 4 | B11: LEP005 | D11: Tô Văn Thiện | E11: Sales | F11: Sales Manager for S.E.A. | G11: 1/7/2025 | AM11: =SUM(H11:AL11)-AN11-AO11 -> 0 | AO11: =J11+K11+Q11+R11+X11+Y11+AE11+AL11 -> 0 | AQ11: 6 | AR11: 2026
A12: 6 | B12: LEP007 | C12: 1014338 | D12: Phan Thị Hải Âu | E12: Finance | F12: Accountant | G12: 14/7/2025 | AM12: =SUM(H12:AL12)-AN12-AO12 -> 0 | AO12: =J12+K12+Q12+R12+X12+Y12+AE12+AL12 -> 0 | AQ12: 6 | AR12: 2026
A13: 7 | B13: LEP009 | C13: 1014359 | D13: Nguyễn Đăng Khoa | E13: Logistics | F13: Logistic Supervisor | G13: 21/7/2025 | AM13: =SUM(H13:AL13)-AN13-AO13 -> 0 | AO13: =J13+K13+Q13+R13+X13+Y13+AE13+AL13 -> 0 | AQ13: 6 | AR13: 2026
A14: 8 | B14: LEP010 | D14: Trịnh Đình Tâm | E14: WH | F14: Riveting Forklift Driver | G14: 4/8/2025 | H14: 2 | I14: 4 | J14: 2 | K14: 8 | L14: 1 | M14: 2 | N14: 2 | O14: 4 | P14: 7 | Q14: 2 | T14: 2 | U14: 4 | V14: 2 | W14: 2 | X14: 4 | Z14: 2 | AA14: 2 | AB14: 2 | AC14: 2 | AD14: 2 | AE14: 2 | AF14: 8 | AG14: 2 | AH14: 2 | AI14: 2 | AJ14: 4 | AK14: 2 | AL14: 2 | AM14: =SUM(H14:AL14)-AN14-AO14 -> 65 | AN14: 1 | AO14: =K14+R14+Y14+AF14 -> 16 | AQ14: 6 | AR14: 2026
A15: 9 | B15: LEP011 | D15: Phạm Thanh Hiệp | E15: Logistics | F15: Customer Service Representative | G15: 4/8/2025 | AM15: =SUM(H15:AL15)-AN15-AO15 -> 0 | AO15: =K15+R15+Y15+AF15 -> 0 | AQ15: 6 | AR15: 2026
A16: 10 | B16: LEP012 | D16: Nguyễn Bảo Xuân Khôi | E16: HR | F16: HR & Admin Manager | G16: 11/8/2025 | AM16: =SUM(H16:AL16)-AN16-AO16 -> 0 | AO16: =K16+R16+Y16+AF16 -> 0 | AQ16: 6 | AR16: 2026
A17: 11 | B17: LEP013 | D17: Dương Hồ Nhã Vi | E17: QC | F17: Quality Team Leader | G17: 11/8/2025 | AM17: =SUM(H17:AL17)-AN17-AO17 -> 0 | AO17: =K17+R17+Y17+AF17 -> 0 | AQ17: 6 | AR17: 2026
A18: 12 | B18: LEP014 | D18: Phạm Hoàng Dinh | E18: Production | F18: Riveting Team leader | G18: 12/8/2025 | L18: 4 | M18: 4 | N18: 4 | O18: 4 | P18: 4 | S18: 4 | X18: 1 | AA18: 3 | AM18: =SUM(H18:AL18)-AN18-AO18 -> 28 | AO18: =K18+R18+Y18+AF18 -> 0 | AQ18: 6 | AR18: 2026
A19: 13 | B19: LEP018 | D19: Thạch Bạch Tra | E19: WH | F19: Warehouse Forklift Driver | G19: 18/8/2025 | I19: 4 | J19: 4 | K19: 8 | L19: 2 | M19: 2 | N19: 2 | O19: 4 | P19: 2 | Q19: 2 | R19: 8 | S19: 2 | T19: 4 | U19: 4 | V19: 4 | W19: 4 | Z19: 2 | AA19: 2 | AE19: 2 | AG19: 2 | AH19: 2 | AI19: 2 | AK19: 2 | AM19: =SUM(H19:AL19)-AN19-AO19 -> 54 | AO19: =K19+R19+Y19+AF19 -> 16 | AQ19: 6 | AR19: 2026
A20: 14 | B20: LEP022 | D20: Sử Hữu Trí | E20: Production | F20: Riveting Line Operator | G20: 18/8/2025 | H20: 4 | I20: 4 | J20: 4 | M20: 4 | O20: 4 | S20: 4 | T20: 4 | U20: 4 | W20: 4 | Z20: 2 | AA20: 4 | AC20: 2 | AD20: 4 | AH20: 4 | AI20: 4 | AL20: 4 | AM20: =SUM(H20:AL20)-AN20-AO20 -> 60 | AO20: =K20+R20+Y20+AF20 -> 0 | AQ20: 6 | AR20: 2026
A21: 15 | B21: LEP023 | D21: Phạm Thị Ánh Hồng | E21: Logistics | F21: Customer Service Representative | G21: 20/8/2025 | AM21: =SUM(H21:AL21)-AN21-AO21 -> 0 | AO21: =K21+R21+Y21+AF21 -> 0 | AQ21: 6 | AR21: 2026
A22: 16 | B22: LEP026 | D22: Nguyễn Bá Trinh | E22: WH | F22: WH Operator | G22: 21/8/2025 | I22: 4 | J22: 4 | K22: 8 | L22: 4 | M22: 4 | N22: 4 | O22: 4 | P22: 4 | Q22: 4 | R22: 8 | S22: 4 | T22: 4 | U22: 4 | V22: 4 | W22: 4 | X22: 4 | Z22: 4 | AA22: 2 | AB22: 2 | AC22: 2 | AD22: 4 | AE22: 2 | AF22: 8 | AG22: 2 | AJ22: 4 | AM22: =SUM(H22:AL22)-AN22-AO22 -> 78 | AO22: =K22+R22+Y22+AF22 -> 24 | AQ22: 6 | AR22: 2026
A23: 17 | B23: LEP027 | D23: Nguyễn Vũ Nguyệt Anh | E23: QC | F23: QC Inspector | G23: 25/8/2025 | H23: 4.5 | I23: 4.5 | J23: 5.5 | K23: 8 | O23: 4 | P23: 7 | Q23: 4 | R23: 8 | S23: 4 | T23: 4.5 | U23: 4 | V23: 2.5 | W23: 3 | X23: 4.5 | Z23: 4 | AA23: 4 | AB23: 4 | AC23: 5 | AD23: 4 | AE23: 3 | AG23: 4.5 | AH23: 4 | AJ23: 4.5 | AK23: 4 | AL23: 2.5 | AM23: =SUM(H23:AL23)-AN23-AO23 -> 95.5 | AO23: =K23+R23+Y23+AF23 -> 16 | AQ23: 6 | AR23: 2026
A24: 18 | B24: LEP028 | D24: Mã Hén Chiêu | E24: WH | F24: WH Staff | G24: 26/8/2025 | H24: 4 | I24: 2 | J24: 2 | K24: 8 | L24: 2 | M24: 2 | N24: 4 | O24: 2 | P24: 2 | Q24: 2 | R24: 8 | S24: 2 | T24: 2 | U24: 2 | V24: 2 | W24: 2 | Z24: 2 | AA24: 2 | AB24: 2 | AD24: 2 | AE24: 2 | AG24: 2 | AH24: 2 | AI24: 2 | AK24: 2 | AM24: =SUM(H24:AL24)-AN24-AO24 -> 50 | AO24: =K24+R24+Y24+AF24 -> 16 | AQ24: 6 | AR24: 2026
A25: 19 | B25: LEP029 | D25: Nguyễn Phương Nam | E25: WH | F25: WH Forklift Driver | G25: 26/8/2025 | H25: 2 | I25: 2 | J25: 0.5 | K25: 8 | L25: 4 | M25: 2 | N25: 2 | O25: 2 | P25: 4 | Q25: 4 | R25: 8 | T25: 2 | U25: 2 | V25: 2 | W25: 4 | X25: 2 | Z25: 4 | AA25: 2 | AB25: 4 | AE25: 2 | AG25: 2 | AH25: 2 | AI25: 2 | AK25: 2 | AM25: =SUM(H25:AL25)-AN25-AO25 -> 54.5 | AO25: =K25+R25+Y25+AF25 -> 16 | AQ25: 6 | AR25: 2026
A26: 20 | B26: LEP031 | D26: Dương Tấn Thanh | E26: WH | F26: WH Operator | G26: 29/8/2025 | H26: 2 | I26: 2 | J26: 2 | K26: 8 | L26: 2 | M26: 2 | N26: 2 | O26: 2 | P26: 2 | R26: 8 | S26: 2 | T26: 2 | U26: 2 | V26: 2 | X26: 2 | Z26: 2 | AA26: 2 | AD26: 2 | AE26: 2 | AG26: 2 | AI26: 2 | AK26: 2 | AM26: =SUM(H26:AL26)-AN26-AO26 -> 40 | AO26: =K26+R26+Y26+AF26 -> 16 | AQ26: 6 | AR26: 2026
A27: 22 | B27: LEP036 | D27: Hà Văn Sáng | E27: WH | F27: WH Forklift Driver | G27: 45878 | H27: 2 | I27: 2 | J27: 2 | K27: 8 | L27: 4 | M27: 2 | N27: 2 | O27: 2 | P27: 2 | Q27: 4 | R27: 8 | S27: 2 | T27: 2 | U27: 2 | V27: 2 | W27: 2 | X27: 2 | Z27: 2 | AB27: 2 | AC27: 2 | AD27: 2 | AE27: 2 | AG27: 2 | AH27: 2 | AI27: 2 | AK27: 2 | AM27: =SUM(H27:AL27)-AN27-AO27 -> 52 | AO27: =K27+R27+Y27+AF27 -> 16 | AQ27: 6 | AR27: 2026
A28: 23 | B28: LEP040 | D28: Dương Văn Thành | E28: Finance | F28: Branch IT Administrator | G28: 15/09/2025 | AM28: =SUM(H28:AL28)-AN28-AO28 -> 0 | AO28: =K28+R28+Y28+AF28 -> 0 | AQ28: 6 | AR28: 2026
A29: 24 | B29: LEP044 | D29: Lâm Văn Gấm | E29: Production | F29: Riveting Line Operator | G29: 16/09/2025 | H29: 4 | I29: 5 | J29: 5 | K29: 8 | L29: 4 | M29: 4 | N29: 4 | O29: 4 | P29: 4 | Q29: 4 | S29: 2 | T29: 4 | U29: 5 | AM29: =SUM(H29:AL29)-AN29-AO29 -> 49 | AO29: =K29+R29+Y29+AF29 -> 8 | AQ29: 6 | AR29: 2026
A30: 25 | B30: LEP045 | D30: Huỳnh Hoài Thương | E30: Production | F30: Riveting Line Operator | G30: 17/09/2025 | H30: 4 | K30: 8 | M30: 4 | O30: 6 | AM30: =SUM(H30:AL30)-AN30-AO30 -> 14 | AO30: =K30+R30+Y30+AF30 -> 8 | AQ30: 6 | AR30: 2026
A31: 26 | B31: LEP048 | D31: Phan Phước Tài | E31: Maintenance (PRO) | F31: Mechanical Maintenance Specialist | G31: 25/09/2025 | H31: 4 | I31: 4 | J31: 4 | L31: 4 | M31: 4 | N31: 4 | O31: 4 | P31: 4 | R31: 4 | V31: 4 | AB31: 4 | AC31: 3 | AH31: 2 | AI31: 4 | AL31: 4 | AM31: =SUM(H31:AL31)-AN31-AO31 -> 53 | AO31: =K31+R31+Y31+AF31 -> 4 | AQ31: 6 | AR31: 2026
A32: 27 | B32: LEP049 | D32: Ngô Viết Đức | E32: Maintenance (PRO) | F32: Electrical Maintenance Specialist | G32: 25/09/2025 | H32: 4 | I32: 4 | K32: 8 | M32: 2 | N32: 3 | O32: 4 | P32: 4 | R32: 4 | U32: 2 | V32: 2 | W32: 2 | X32: 2 | Z32: 6 | AC32: 4 | AE32: 2 | AH32: 2 | AI32: 4 | AK32: 2 | AM32: =SUM(H32:AL32)-AN32-AO32 -> 49 | AO32: =K32+R32+Y32+AF32 -> 12 | AQ32: 6 | AR32: 2026
A33: 28 | B33: LEP051 | D33: Nguyễn Văn Hiền | E33: Production | F33: Painting Line Teamleader | G33: 26/09/2025 | S33: 2 | T33: 4 | U33: 4 | X33: 3 | AB33: 4 | AC33: 2 | AG33: 1 | AH33: 2 | AJ33: 1 | AL33: 2 | AM33: =SUM(H33:AL33)-AN33-AO33 -> 25 | AO33: =K33+R33+Y33+AF33 -> 0 | AQ33: 6 | AR33: 2026
A34: 29 | B34: LEP052 | D34: Nguyễn Nam Bình | E34: Production | F34: Riveting Line Operator | G34: 30/09/2025 | H34: 4 | N34: 4 | O34: 4 | P34: 4 | AM34: =SUM(H34:AL34)-AN34-AO34 -> 16 | AO34: =K34+R34+Y34+AF34 -> 0 | AQ34: 6 | AR34: 2026
A35: 30 | B35: LEP054 | D35: Cao Ngọc Linh | E35: Maintenance (PRO) | F35: Environmental Protection Equipment | G35: 01/10/2025 | H35: 6 | I35: 6 | J35: 6 | L35: 2 | M35: 4 | N35: 6 | P35: 6 | S35: 6 | T35: 4 | U35: 6 | W35: 4 | X35: 6 | Z35: 2 | AA35: 4 | AB35: 4 | AC35: 4 | AD35: 5 | AE35: 4 | AG35: 4 | AH35: 4 | AI35: 4 | AJ35: 4 | AK35: 4 | AL35: 4 | AM35: =SUM(H35:AL35)-AN35-AO35 -> 109 | AO35: =K35+R35+Y35+AF35 -> 0 | AQ35: 6 | AR35: 2026
A36: 31 | B36: LEP056 | D36: Đỗ Thế Tài | E36: Production | F36: Painting Line Operator | G36: 02/10/2025 | H36: 6 | I36: 6 | J36: 2 | L36: 6 | M36: 5 | N36: 6 | O36: 6 | P36: 9 | R36: 8 | S36: 5 | T36: 4 | U36: 6 | V36: 2 | X36: 6 | Z36: 4 | AA36: 6 | AB36: 6 | AC36: 4 | AD36: 6 | AE36: 4 | AG36: 4 | AH36: 4 | AI36: 4 | AJ36: 4 | AK36: 4 | AL36: 4 | AM36: =SUM(H36:AL36)-AN36-AO36 -> 122 | AN36: 1 | AO36: =K36+R36+Y36+AF36 -> 8 | AQ36: 6 | AR36: 2026
A37: 32 | B37: LEP057 | D37: Lâm Thanh Hiếu | E37: Production | F37: Painting Line Operator | G37: 02/10/2025 | H37: 6 | I37: 6 | J37: 4 | L37: 2 | M37: 4 | N37: 6 | O37: 6 | P37: 6 | Q37: 2 | S37: 6 | T37: 4 | U37: 6 | V37: 2 | W37: 6 | X37: 6 | Z37: 4 | AA37: 6 | AB37: 4 | AC37: 6 | AD37: 5 | AE37: 4 | AG37: 6 | AH37: 4 | AI37: 4 | AJ37: 4 | AK37: 4 | AL37: 4 | AM37: =SUM(H37:AL37)-AN37-AO37 -> 127 | AO37: =K37+R37+Y37+AF37 -> 0 | AQ37: 6 | AR37: 2026
A38: 35 | B38: LEP061 | D38: Nguyễn Văn Tình | E38: Production | F38: Riveting Line Operator | G38: 04/10/2025 | I38: 5 | J38: 2 | K38: 8 | M38: 4 | N38: 4 | O38: 4 | P38: 4 | Q38: 4 | S38: 1 | T38: 1 | U38: 1 | AM38: =SUM(H38:AL38)-AN38-AO38 -> 30 | AO38: =K38+R38+Y38+AF38 -> 8 | AQ38: 6 | AR38: 2026
A39: 36 | B39: LEP062 | D39: Dương Trung Toàn | E39: Production | F39: Riveting Line Operator | G39: 04/10/2025 | H39: 4 | I39: 5 | M39: 4 | N39: 4 | O39: 4 | P39: 4 | Q39: 4 | S39: 1 | T39: 5 | U39: 1 | X39: 3 | AB39: 4 | AC39: 2 | AG39: 1 | AH39: 2 | AJ39: 1 | AL39: 2 | AM39: =SUM(H39:AL39)-AN39-AO39 -> 51 | AO39: =K39+R39+Y39+AF39 -> 0 | AQ39: 6 | AR39: 2026
A40: 39 | B40: LEP067 | D40: H Nguel Kbuor | E40: Production | F40: Painting Line Operator | G40: 07/10/2025 | H40: 5 | I40: 4 | J40: 5 | K40: 8 | L40: 4 | M40: 4 | N40: 4 | O40: 4 | T40: 4 | U40: 1 | X40: 3 | AC40: 2 | AL40: 4 | AM40: =SUM(H40:AL40)-AN40-AO40 -> 44 | AO40: =K40+R40+Y40+AF40 -> 8 | AQ40: 6 | AR40: 2026
A41: 40 | B41: LEP068 | D41: Y in Zơ Kbuor | E41: Production | F41: Riveting Line Operator | G41: 07/10/2025 | I41: 4 | J41: 1 | N41: 4 | O41: 4 | P41: 4 | U41: 4 | AM41: =SUM(H41:AL41)-AN41-AO41 -> 21 | AO41: =K41+R41+Y41+AF41 -> 0 | AQ41: 6 | AR41: 2026
A42: 41 | B42: LEP069 | D42: Siu Nhoát | E42: Production | F42: Riveting Line Operator | G42: 07/10/2025 | H42: 5 | I42: 4 | J42: 5 | K42: 8 | L42: 4 | M42: 4 | N42: 4 | O42: 4 | P42: 4 | Q42: 4 | S42: 2 | T42: 4 | U42: 1 | X42: 3 | AM42: =SUM(H42:AL42)-AN42-AO42 -> 48 | AO42: =K42+R42+Y42+AF42 -> 8 | AQ42: 6 | AR42: 2026
A43: 42 | B43: LEP073 | D43: Y Sion Kbuor | E43: Production | F43: Riveting Line Operator | G43: 13/10/2025 | H43: 5 | I43: 5 | J43: 5 | K43: 8 | L43: 4 | M43: 4 | N43: 4 | O43: 4 | P43: 4 | Q43: 4 | S43: 2 | U43: 4 | AC43: 2 | AM43: =SUM(H43:AL43)-AN43-AO43 -> 47 | AO43: =K43+R43+Y43+AF43 -> 8 | AQ43: 6 | AR43: 2026
A44: 43 | B44: LEP074 | D44: Nguyễn Văn Quốc | E44: Production | F44: Riveting Line Operator | G44: 15/10/2025 | H44: 4 | I44: 4 | J44: 4 | K44: 8 | L44: 4 | M44: 4 | N44: 4 | AB44: 4 | AM44: =SUM(H44:AL44)-AN44-AO44 -> 28 | AO44: =K44+R44+Y44+AF44 -> 8 | AQ44: 6 | AR44: 2026
A45: 44 | B45: LEP075 | D45: Trần Văn Trọn | E45: Production | F45: Riveting Line Operator | G45: 15/10/2025 | H45: 4 | I45: 4 | J45: 4 | K45: 8 | L45: 4 | M45: 4 | N45: 4 | O45: 6 | P45: 5 | U45: 4 | W45: 6 | Z45: 5 | AB45: 4 | AC45: 4 | AE45: 4 | AM45: =SUM(H45:AL45)-AN45-AO45 -> 62 | AO45: =K45+R45+Y45+AF45 -> 8 | AQ45: 6 | AR45: 2026
A46: 45 | B46: LEP078 | D46: Nguyễn Văn Hậu | E46: Production | F46: Riveting Line Operator | G46: 16/10/2025 | H46: 4 | I46: 4 | J46: 4 | K46: 8 | L46: 4 | M46: 4 | N46: 4 | X46: 4 | AA46: 4 | AM46: =SUM(H46:AL46)-AN46-AO46 -> 32 | AO46: =K46+R46+Y46+AF46 -> 8 | AQ46: 6 | AR46: 2026
A47: 46 | B47: LEP080 | D47: Phạm Hùng Cường | E47: Production | F47: Riveting Line Operator | G47: 17/10/2025 | I47: 4 | J47: 4 | K47: 8 | L47: 4 | M47: 4 | N47: 4 | O47: 4 | S47: 4 | T47: 4 | U47: 4 | W47: 4 | X47: 4 | AA47: 4 | AB47: 4 | AC47: 4 | AE47: 4 | AM47: =SUM(H47:AL47)-AN47-AO47 -> 60 | AO47: =K47+R47+Y47+AF47 -> 8 | AQ47: 6 | AR47: 2026
A48: 47 | B48: LEP091 | D48: Trần Văn Lựa | E48: Production | F48: Riveting Line Operator | G48: 22/10/2025 | H48: 6 | I48: 6 | J48: 4 | K48: 8 | L48: 4 | M48: 4 | N48: 6 | O48: 6 | P48: 4 | Q48: 2 | S48: 4 | T48: 4 | U48: 4 | W48: 4 | Z48: 2 | AA48: 4 | AB48: 4 | AC48: 6 | AD48: 4 | AE48: 4 | AG48: 4 | AH48: 4 | AI48: 4 | AK48: 4 | AL48: 4 | AM48: =SUM(H48:AL48)-AN48-AO48 -> 102 | AO48: =K48+R48+Y48+AF48 -> 8 | AQ48: 6 | AR48: 2026
A49: 50 | B49: LEP104 | D49: Nguyễn Quang Linh | E49: Production | F49: Riveting Line Operator | G49: 29/10/2025 | I49: 4 | J49: 4 | K49: 8 | L49: 4 | M49: 4 | N49: 4 | O49: 2 | P49: 4 | S49: 4 | T49: 4 | U49: 4 | W49: 4 | X49: 4 | AA49: 4 | AB49: 4 | AC49: 4 | AE49: 4 | AK49: 1 | AM49: =SUM(H49:AL49)-AN49-AO49 -> 63 | AO49: =K49+R49+Y49+AF49 -> 8 | AQ49: 6 | AR49: 2026
A50: 51 | B50: LEP108 | D50: Nguyễn Văn Thương | E50: Production | F50: Riveting Line Operator | G50: 04/11/2025 | I50: 4 | J50: 4 | K50: 8 | L50: 4 | M50: 4 | N50: 4 | O50: 4 | P50: 4 | S50: 5 | T50: 4 | U50: 4 | V50: 4 | X50: 4 | Z50: 5 | AA50: 4 | AB50: 4 | AE50: 4 | AM50: =SUM(H50:AL50)-AN50-AO50 -> 66 | AO50: =K50+R50+Y50+AF50 -> 8 | AQ50: 6 | AR50: 2026
A51: 52 | B51: LEP109 | D51: Nguyễn Hữu Đức | E51: Production | F51: Riveting Line Operator | G51: 07/11/2025 | K51: 8 | L51: 4 | M51: 4 | N51: 4 | O51: 4 | U51: 4 | X51: 4 | AM51: =SUM(H51:AL51)-AN51-AO51 -> 24 | AO51: =K51+R51+Y51+AF51 -> 8 | AQ51: 6 | AR51: 2026
A52: 53 | B52: LEP111 | D52: Đỗ Hoài Thương | E52: QC | F52: QC Inspector | G52: 17/11/2025 | L52: 1 | R52: 5 | AM52: =SUM(H52:AL52)-AN52-AO52 -> 1 | AO52: =K52+R52+Y52+AF52 -> 5 | AQ52: 6 | AR52: 2026
A53: 54 | B53: LEP113 | D53: Phan Thị Kim Anh | E53: Production | F53: Production Operator | G53: 18/11/2025 | H53: 4 | I53: 6 | L53: 2.5 | N53: 4 | O53: 4 | P53: 4 | T53: 4 | U53: 4 | X53: 4 | Z53: 2 | AA53: 2 | AB53: 4 | AC53: 4 | AD53: 3 | AG53: 4 | AH53: 4 | AI53: 4 | AJ53: 4 | AK53: 4 | AL53: 4 | AM53: =SUM(H53:AL53)-AN53-AO53 -> 75.5 | AO53: =K53+R53+Y53+AF53 -> 0 | AQ53: 6 | AR53: 2026
A54: 55 | B54: LEP114 | D54: Nguyễn Văn Út | E54: Production | F54: Production Operator | G54: 18/11/2025 | H54: 4 | I54: 4 | L54: 4 | N54: 4 | O54: 4 | AM54: =SUM(H54:AL54)-AN54-AO54 -> 20 | AO54: =K54+R54+Y54+AF54 -> 0 | AQ54: 6 | AR54: 2026
A55: 56 | B55: LEP125 | D55: Nguyễn Văn Vương | E55: Production | F55: Production Operator | G55: 22/11/2025 | AM55: =SUM(H55:AL55)-AN55-AO55 -> 0 | AO55: =K55+R55+Y55+AF55 -> 0 | AQ55: 6 | AR55: 2026
A56: 57 | B56: LEP127 | D56: Lý Văn Minh Tâm | E56: Production | F56: Production Operator | G56: 25/11/2025 | H56: 4 | I56: 4 | J56: 4 | K56: 8 | L56: 4 | N56: 4 | O56: 4 | P56: 4 | Q56: 4 | S56: 1 | X56: 3 | AC56: 2 | AH56: 2 | AL56: 4 | AM56: =SUM(H56:AL56)-AN56-AO56 -> 44 | AO56: =K56+R56+Y56+AF56 -> 8 | AQ56: 6 | AR56: 2026
A57: 58 | B57: LEP129 | D57: Bùi Văn Sang | E57: Production | F57: Production Operator | G57: 25/11/2025 | M57: 4 | N57: 4 | O57: 4 | P57: 4 | S57: 4 | U57: 4 | Z57: 4 | AM57: =SUM(H57:AL57)-AN57-AO57 -> 28 | AO57: =K57+R57+Y57+AF57 -> 0 | AQ57: 6 | AR57: 2026
A58: 59 | B58: LEP131 | D58: Đỗ Thị Kim Liên | E58: Production | F58: Production Operator | G58: 25/11/2025 | AM58: =SUM(H58:AL58)-AN58-AO58 -> 0 | AO58: =K58+R58+Y58+AF58 -> 0 | AQ58: 6 | AR58: 2026
A59: 60 | B59: LEP132 | D59: Nguyễn Thị Hương | E59: Production | F59: Production Operator | G59: 25/11/2025 | H59: 4 | I59: 4 | K59: 8 | L59: 4 | M59: 4 | N59: 4 | O59: 4 | P59: 4 | X59: 4 | AM59: =SUM(H59:AL59)-AN59-AO59 -> 32 | AO59: =K59+R59+Y59+AF59 -> 8 | AQ59: 6 | AR59: 2026
A60: 61 | B60: LEP134 | D60: Nguyễn Thị Cẩm Hằng | E60: Production | F60: Production Operator | G60: 25/11/2025 | H60: 6 | I60: 6 | J60: 10 | K60: 8 | L60: 4 | M60: 4 | N60: 4 | O60: 6 | P60: 4 | Q60: 6 | S60: 4 | T60: 2 | AG60: 4 | AM60: =SUM(H60:AL60)-AN60-AO60 -> 60 | AO60: =K60+R60+Y60+AF60 -> 8 | AQ60: 6 | AR60: 2026 | AT60: 1
A61: 62 | B61: LEP145 | D61: Trương Thị Ngân | E61: Production | F61: Production Operator | G61: 16/12/2025 | AM61: =SUM(H61:AL61)-AN61-AO61 -> 0 | AO61: =K61+R61+Y61+AF61 -> 0 | AQ61: 6 | AR61: 2026
A62: 63 | B62: LEP146 | D62: Nguyễn Thị Diệu Minh | E62: Production | F62: Production Operator | G62: 16/12/2025 | H62: 4 | I62: 4 | J62: 1 | K62: 8 | M62: 4 | N62: 4 | O62: 4 | P62: 4 | S62: 2 | U62: 4 | X62: 3 | AJ62: 1 | AL62: 4 | AM62: =SUM(H62:AL62)-AN62-AO62 -> 39 | AO62: =K62+R62+Y62+AF62 -> 8 | AQ62: 6 | AR62: 2026
A63: 64 | B63: LEP149 | D63: Hà Ngọc Lưu | E63: WH | F63: Warehouse Team Leader | G63: 09/01/2026 | H63: 1 | I63: 2 | J63: 2 | K63: 8 | L63: 1 | M63: 1 | N63: 1 | O63: 1 | P63: 7.5 | Q63: 2 | S63: 1 | T63: 1 | U63: 2 | V63: 1 | W63: 4 | X63: 2 | Z63: 2 | AA63: 2 | AB63: 2 | AC63: 1 | AD63: 2 | AE63: 2 | AG63: 1.5 | AH63: 1.5 | AI63: 1.5 | AJ63: 1 | AK63: 2 | AL63: 2 | AM63: =SUM(H63:AL63)-AN63-AO63 -> 48.5 | AN63: 1.5 | AO63: =K63+R63+Y63+AF63 -> 8 | AQ63: 6 | AR63: 2026
A64: 65 | B64: LEP152 | D64: Hoàng Trọng Hiếu | E64: Production | F64: Production Operator | G64: 27/01/2026 | H64: 6 | I64: 6 | J64: 2 | M64: 4 | N64: 4 | P64: 6 | S64: 6 | T64: 4 | U64: 6 | V64: 2 | W64: 6 | X64: 2 | Z64: 4 | AA64: 4 | AB64: 4 | AC64: 4 | AD64: 5 | AE64: 2 | AG64: 6 | AH64: 4 | AI64: 4 | AJ64: 4 | AK64: 4 | AL64: 4 | AM64: =SUM(H64:AL64)-AN64-AO64 -> 103 | AO64: =K64+R64+Y64+AF64 -> 0 | AQ64: 6 | AR64: 2026
A65: 66 | B65: LEP156 | D65: Nguyễn Thị Lệ Trang | E65: Production | F65: Production Operator | G65: 24/02/2026 | AM65: =SUM(H65:AL65)-AN65-AO65 -> 0 | AO65: =K65+R65+Y65+AF65 -> 0 | AQ65: 6 | AR65: 2026
A66: 67 | B66: LEP157A | D66: Nguyễn Minh Như | E66: Production | F66: Production Operator | G66: 24/02/2026 | AM66: =SUM(H66:AL66)-AN66-AO66 -> 0 | AO66: =K66+R66+Y66+AF66 -> 0 | AQ66: 6 | AR66: 2026
A67: 68 | B67: LEP158A | D67: Danh Thị Tiếc Thương | E67: Production | F67: Production Operator | G67: 24/02/2026 | AM67: =SUM(H67:AL67)-AN67-AO67 -> 0 | AO67: =K67+R67+Y67+AF67 -> 0 | AQ67: 6 | AR67: 2026
A68: 69 | B68: LEP158 | D68: Nguyễn Tiến Đạt | E68: Production | F68: Production Operator | G68: 25/02/2026 | I68: 4 | J68: 4 | K68: 8 | M68: 4 | N68: 4 | O68: 4 | AM68: =SUM(H68:AL68)-AN68-AO68 -> 20 | AO68: =K68+R68+Y68+AF68 -> 8 | AQ68: 6 | AR68: 2026
A69: 70 | B69: LEP163 | D69: Bách Văn Tiến | E69: Production | F69: Production Operator | G69: 26/02/2026 | I69: 4 | AM69: =SUM(H69:AL69)-AN69-AO69 -> 4 | AO69: =K69+R69+Y69+AF69 -> 0 | AQ69: 6 | AR69: 2026
A70: 71 | B70: LEP164A | D70: Nguyễn Thị Ngọc Vui | E70: Production | F70: Production Operator | G70: 26/02/2026 | H70: 4 | I70: 4 | J70: 1 | K70: 8 | N70: 4 | O70: 4 | P70: 4 | T70: 4 | U70: 1 | X70: 3 | AB70: 4 | AC70: 2 | AL70: 4 | AM70: =SUM(H70:AL70)-AN70-AO70 -> 39 | AO70: =K70+R70+Y70+AF70 -> 8 | AQ70: 6 | AR70: 2026
A71: 72 | B71: LEP165A | D71: Trần Văn Trí | E71: Production | F71: Production Operator | G71: 26/02/2026 | H71: 4 | I71: 4 | J71: 4 | K71: 8 | L71: 4 | M71: 4 | N71: 4 | O71: 6 | P71: 4 | Q71: 6 | T71: 4 | U71: 4 | V71: 4 | Z71: 4 | AB71: 4 | AC71: 4 | AM71: =SUM(H71:AL71)-AN71-AO71 -> 64 | AO71: =K71+R71+Y71+AF71 -> 8 | AQ71: 6 | AR71: 2026
A72: 73 | B72: LEP165 | D72: Nguyễn Gia Hào | E72: Production | F72: Production Operator | G72: 28/02/2026 | AM72: =SUM(H72:AL72)-AN72-AO72 -> 0 | AO72: =K72+R72+Y72+AF72 -> 0 | AQ72: 6 | AR72: 2026
A73: 74 | B73: LEP169 | D73: Phạm Lí Hùng | E73: WH | F73: WH Operator | G73: 03/03/2026 | H73: 4 | I73: 2 | M73: 2 | N73: 4 | O73: 2 | P73: 2 | S73: 2 | T73: 2 | U73: 2 | V73: 2 | W73: 2 | X73: 4 | Z73: 2 | AA73: 2 | AB73: 2 | AD73: 2 | AE73: 2 | AG73: 2 | AH73: 2 | AI73: 2 | AK73: 2 | AL73: 2 | AM73: =SUM(H73:AL73)-AN73-AO73 -> 50 | AO73: =K73+R73+Y73+AF73 -> 0 | AQ73: 6 | AR73: 2026
A74: 75 | B74: LEP170 | D74: Phạm Quang Vinh | E74: WH | F74: WH Staff | G74: 05/03/2026 | H74: 1 | I74: 2 | J74: 1 | L74: 1 | M74: 1 | N74: 1 | O74: 4 | R74: 8 | S74: 1 | T74: 1 | U74: 2 | W74: 4 | Z74: 2 | AA74: 2 | AC74: 1 | AD74: 1 | AE74: 1 | AG74: 1.5 | AH74: 1.5 | AI74: 1.5 | AJ74: 1 | AK74: 2 | AL74: 2 | AM74: =SUM(H74:AL74)-AN74-AO74 -> 35.5 | AO74: =K74+R74+Y74+AF74 -> 8 | AQ74: 6 | AR74: 2026
A75: 76 | B75: LEP179 | D75: Nguyễn Thị Thu Ngân | E75: Production | F75: Production Operator | G75: 06/03/2026 | AM75: =SUM(H75:AL75)-AN75-AO75 -> 0 | AO75: =K75+R75+Y75+AF75 -> 0 | AQ75: 6 | AR75: 2026
A76: 77 | B76: LEP180 | D76: Phạm Văn Giang | E76: WH | F76: WH Operator | G76: 06/03/2026 | H76: 2 | I76: 2 | J76: 2 | K76: 8 | L76: 2 | M76: 4 | N76: 2 | O76: 2 | P76: 2 | Q76: 2 | R76: 8 | S76: 4 | T76: 2 | U76: 2 | V76: 2 | X76: 2 | Z76: 2 | AA76: 2 | AB76: 2 | AD76: 2 | AF76: 8 | AG76: 2 | AI76: 2 | AM76: =SUM(H76:AL76)-AN76-AO76 -> 44 | AO76: =K76+R76+Y76+AF76 -> 24 | AQ76: 6 | AR76: 2026
A77: 78 | B77: LEP181 | D77: Nguyễn Thanh Hải | E77: QC | F77: Quality Supervisor | G77: 10/03/2026 | AM77: =SUM(H77:AL77)-AN77-AO77 -> 0 | AO77: =K77+R77+Y77+AF77 -> 0 | AQ77: 6 | AR77: 2026
A78: 79 | B78: LEP181A | D78: Nguyễn Văn Tài | E78: Production | F78: Production Operator | G78: 02/03/2026 | AM78: =SUM(H78:AL78)-AN78-AO78 -> 0 | AO78: =K78+R78+Y78+AF78 -> 0 | AQ78: 6 | AR78: 2026
A79: 80 | B79: LEP181B | D79: Cao Yến Đa | E79: Production | F79: Production Operator | G79: 02/03/2026 | AM79: =SUM(H79:AL79)-AN79-AO79 -> 0 | AO79: =K79+R79+Y79+AF79 -> 0 | AQ79: 6 | AR79: 2026
A80: 81 | B80: LEP181C | D80: Phan Thị Kim Triệu | E80: Production | F80: Production Operator | G80: 02/03/2026 | H80: 4 | I80: 4 | J80: 1 | N80: 4 | O80: 4 | P80: 4 | T80: 4 | AC80: 2 | AL80: 4 | AM80: =SUM(H80:AL80)-AN80-AO80 -> 31 | AO80: =K80+R80+Y80+AF80 -> 0 | AQ80: 6 | AR80: 2026
A81: 82 | B81: LEP181D | D81: Nguyễn Diệu Hân | E81: Production | F81: Production Operator | G81: 11/03/2026 | H81: 5 | I81: 5 | J81: 5 | K81: 8 | L81: 4 | M81: 4 | N81: 4 | O81: 4 | P81: 4 | S81: 2 | T81: 4 | U81: 5 | AB81: 4 | AC81: 2 | AL81: 4 | AM81: =SUM(H81:AL81)-AN81-AO81 -> 56 | AO81: =K81+R81+Y81+AF81 -> 8 | AQ81: 6 | AR81: 2026
A82: 83 | B82: LEP181F | D82: Mã Tứ Hiếu | E82: Production | F82: Production Operator | G82: 11/03/2026 | H82: 4 | I82: 4 | J82: 4 | K82: 8 | L82: 4 | M82: 4 | N82: 4 | O82: 4 | P82: 4 | T82: 4 | U82: 4 | V82: 4 | AA82: 4 | AC82: 4 | AE82: 4 | AG82: 4 | AM82: =SUM(H82:AL82)-AN82-AO82 -> 60 | AO82: =K82+R82+Y82+AF82 -> 8 | AQ82: 6 | AR82: 2026
A83: 84 | B83: LEP186 | D83: Lý Thị Thúy Kiều | E83: Production | F83: Production Operator | G83: 25/03/2026 | AM83: =SUM(H83:AL83)-AN83-AO83 -> 0 | AO83: =K83+R83+Y83+AF83 -> 0 | AQ83: 6 | AR83: 2026
A84: 85 | B84: LEP186A | D84: Võ Thị Minh Trang | E84: Production | F84: Production Operator | G84: 25/03/2026 | H84: 4 | I84: 4 | J84: 1 | K84: 8 | M84: 4 | N84: 4 | O84: 4 | P84: 4 | T84: 5 | U84: 1 | AC84: 2 | AG84: 4 | AL84: 4 | AM84: =SUM(H84:AL84)-AN84-AO84 -> 41 | AO84: =K84+R84+Y84+AF84 -> 8 | AQ84: 6 | AR84: 2026
A85: 86 | B85: LEP186B | D85: Bùi Tiến Phước | E85: Production | F85: Production Operator | G85: 21/03/2026 | AM85: =SUM(H85:AL85)-AN85-AO85 -> 0 | AO85: =K85+R85+Y85+AF85 -> 0 | AQ85: 6 | AR85: 2026
A86: 87 | B86: LEP189 | D86: Lê Minh Lực | E86: Production | F86: Production Operator | G86: 02/04/2026 | H86: 6 | I86: 6 | J86: 2 | L86: 6 | M86: 4 | N86: 6 | O86: 6 | P86: 7 | R86: 8 | S86: 6 | T86: 4 | U86: 6 | V86: 2 | X86: 6 | Z86: 4 | AA86: 6 | AB86: 4 | AC86: 4 | AD86: 5 | AE86: 4 | AG86: 6 | AH86: 4 | AI86: 4 | AJ86: 4 | AK86: 4 | AL86: 4 | AM86: =SUM(H86:AL86)-AN86-AO86 -> 120 | AO86: =K86+R86+Y86+AF86 -> 8 | AQ86: 6 | AR86: 2026
A87: 88 | B87: LEP190 | D87: Cao Thị Oanh | E87: Production | F87: Production Operator | G87: 02/04/2026 | H87: 4 | I87: 4 | J87: 1 | K87: 8 | M87: 4 | N87: 4 | O87: 4 | P87: 4 | T87: 4 | U87: 1 | AB87: 4 | AC87: 2 | AL87: 4 | AM87: =SUM(H87:AL87)-AN87-AO87 -> 40 | AO87: =K87+R87+Y87+AF87 -> 8 | AQ87: 6 | AR87: 2026
A88: 89 | B88: LEP191 | D88: Trương Mỹ Nhân | E88: Production | F88: Production Operator | G88: 02/04/2026 | H88: 4 | I88: 4 | J88: 1 | K88: 8 | M88: 4 | N88: 4 | O88: 4 | P88: 4 | T88: 4 | U88: 1 | AB88: 4 | AC88: 2 | AL88: 4 | AM88: =SUM(H88:AL88)-AN88-AO88 -> 40 | AO88: =K88+R88+Y88+AF88 -> 8 | AQ88: 6 | AR88: 2026
A89: 90 | B89: LEP193 | D89: Lê Hoàng Minh Hùng | E89: Production | F89: Production Operator | G89: 06/04/2026 | H89: 6 | I89: 4 | J89: 4 | L89: 4 | M89: 4 | N89: 4 | P89: 4 | T89: 4 | W89: 4 | Z89: 5 | AA89: 4 | AB89: 4 | AE89: 4 | AM89: =SUM(H89:AL89)-AN89-AO89 -> 55 | AO89: =K89+R89+Y89+AF89 -> 0 | AQ89: 6 | AR89: 2026
A90: 91 | B90: LEP194 | D90: Nguyễn Thành Công | E90: Production | F90: Production Operator | G90: 06/04/2026 | H90: 4 | I90: 6 | L90: 2 | N90: 6 | O90: 6 | P90: 4 | R90: 8 | U90: 6 | V90: 2 | X90: 6 | Z90: 4 | AA90: 4 | AB90: 2 | AC90: 4 | AD90: 4 | AI90: 4 | AJ90: 4 | AK90: 2 | AM90: =SUM(H90:AL90)-AN90-AO90 -> 70 | AO90: =K90+R90+Y90+AF90 -> 8 | AQ90: 6 | AR90: 2026
A91: 92 | B91: LEP194A | D91: Y Việt Long Ding | E91: WH | F91: WH Operator | G91: 08/04/2026 | J91: 4 | L91: 2 | M91: 2 | N91: 2 | O91: 2 | P91: 4 | Q91: 2 | R91: 8 | S91: 2 | T91: 2 | V91: 4 | W91: 2 | X91: 2 | Z91: 2 | AA91: 2 | AB91: 2 | AC91: 2 | AD91: 2 | AG91: 2 | AH91: 2 | AI91: 2 | AK91: 2 | AL91: 2 | AM91: =SUM(H91:AL91)-AN91-AO91 -> 50 | AO91: =K91+R91+Y91+AF91 -> 8 | AQ91: 6 | AR91: 2026
A92: 93 | B92: LEP195 | D92: Đặng Văn Lành | E92: Production | F92: Production Operator | G92: 09/04/2026 | I92: 4 | J92: 4 | K92: 8 | L92: 4 | N92: 4 | O92: 4 | AA92: 4 | AB92: 4 | AM92: =SUM(H92:AL92)-AN92-AO92 -> 28 | AO92: =K92+R92+Y92+AF92 -> 8 | AQ92: 6 | AR92: 2026
A93: 94 | B93: LEP195A | D93: Tôn Thất Tuấn | E93: Production | F93: Production Operator | G93: 09/04/2026 | AM93: =SUM(H93:AL93)-AN93-AO93 -> 0 | AO93: =K93+R93+Y93+AF93 -> 0 | AQ93: 6 | AR93: 2026
A94: 95 | B94: LEP195B | D94: Đường Thị Xuyến | E94: Production | F94: Production Operator | G94: 09/04/2026 | I94: 4 | J94: 4 | L94: 4 | M94: 4 | AM94: =SUM(H94:AL94)-AN94-AO94 -> 16 | AO94: =K94+R94+Y94+AF94 -> 0 | AQ94: 6 | AR94: 2026
A95: 96 | B95: LEP198 | D95: Mai Thị Kim Xuyến | E95: Logistics | F95: Master Planner | G95: 20/04/2026 | AM95: =SUM(H95:AL95)-AN95-AO95 -> 0 | AO95: =K95+R95+Y95+AF95 -> 0 | AQ95: 6 | AR95: 2026
A96: 99 | B96: LEP202 | D96: Nguyễn Huỳnh Trâm | E96: Logistics | F96: Import-Export Specialist | G96: 06/05/2026 | AM96: =SUM(H96:AL96)-AN96-AO96 -> 0 | AO96: =K96+R96+Y96+AF96 -> 0 | AQ96: 6 | AR96: 2026
A97: 100 | B97: LEP203 | D97: Danh Minh Trí | E97: Production | F97: Production Operator | G97: 16/05/2026 | H97: 6 | I97: 6 | J97: 4 | L97: 2.5 | M97: 4 | N97: 6 | O97: 6 | P97: 6 | Q97: 2 | S97: 6 | T97: 4 | U97: 6 | V97: 2 | W97: 6 | X97: 6 | Z97: 4 | AA97: 4 | AB97: 4 | AC97: 4 | AD97: 5 | AE97: 4 | AG97: 4 | AH97: 4 | AI97: 4 | AJ97: 4 | AK97: 4 | AL97: 4 | AM97: =SUM(H97:AL97)-AN97-AO97 -> 121.5 | AO97: =K97+R97+Y97+AF97 -> 0 | AQ97: 6 | AR97: 2026
A98: 101 | B98: LEP204A | D98: Y Tri | E98: Production | F98: Production Operator | G98: 16/05/2026 | K98: 8 | L98: 4 | M98: 4 | O98: 4 | P98: 4 | AM98: =SUM(H98:AL98)-AN98-AO98 -> 16 | AO98: =K98+R98+Y98+AF98 -> 8 | AQ98: 6 | AR98: 2026
A99: 102 | B99: LEP204B | D99: Phan Văn Phú | E99: Production | F99: Production Operator | G99: 18/05/2026 | H99: 4 | I99: 4 | J99: 1 | K99: 8 | O99: 4 | P99: 4 | AM99: =SUM(H99:AL99)-AN99-AO99 -> 17 | AO99: =K99+R99+Y99+AF99 -> 8 | AQ99: 6 | AR99: 2026
A100: 103 | B100: LEP204C | D100: Y' Lưới Hđơk | E100: Production | F100: Production Operator | G100: 21/05/2026 | I100: 4 | J100: 1 | L100: 4 | N100: 4 | O100: 4 | Q100: 4 | S100: 2 | T100: 4 | AB100: 4 | AC100: 2 | AM100: =SUM(H100:AL100)-AN100-AO100 -> 33 | AO100: =K100+R100+Y100+AF100 -> 0 | AQ100: 6 | AR100: 2026
A101: 104 | B101: LEP205 | D101: Y Duân Nie | E101: Production | F101: Production Operator | G101: 21/05/2026 | I101: 4 | J101: 2 | L101: 2 | O101: 6 | P101: 4 | T101: 2 | V101: 2 | X101: 6 | Z101: 2 | AA101: 4 | AB101: 4 | AC101: 4 | AD101: 4 | AG101: 4 | AH101: 4 | AI101: 4 | AJ101: 4 | AK101: 4 | AM101: =SUM(H101:AL101)-AN101-AO101 -> 66 | AO101: =K101+R101+Y101+AF101 -> 0 | AQ101: 6 | AR101: 2026
A102: 105 | B102: LEP206 | D102: Lê Ngọc Quyết | E102: QC | F102: QC Inspector | G102: 22/05/2026 | J102: 3 | L102: 2 | M102: 2 | N102: 2 | O102: 2 | P102: 3.5 | Q102: 4 | S102: 1 | T102: 4 | U102: 3 | AB102: 4 | AC102: 3 | AD102: 2 | AE102: 3 | AG102: 4 | AI102: 4 | AJ102: 4 | AK102: 4 | AL102: 4 | AM102: =SUM(H102:AL102)-AN102-AO102 -> 58.5 | AO102: =K102+R102+Y102+AF102 -> 0 | AQ102: 6 | AR102: 2026
A103: 106 | B103: LEP207 | D103: Hoàng Văn Khánh | E103: QC | F103: QC Inspector | G103: 22/05/2026 | J103: 3 | L103: 4 | M103: 4 | N103: 4 | O103: 4 | P103: 4 | R103: 5 | W103: 4 | AC103: 4 | AD103: 3 | AH103: 3.5 | AL103: 4 | AM103: =SUM(H103:AL103)-AN103-AO103 -> 41.5 | AO103: =K103+R103+Y103+AF103 -> 5 | AQ103: 6 | AR103: 2026
...

Sheet OT1
F2: BẢNG TĂNG CA THÁNG 08/ OVERTIME TABLE AUGUST
A5: No./ STT | B5: Employee ID / Mã nhân viên | C5: Employee ID / Mã nhân viên | D5: Name / Tên nhân viên | E5: Dept/ Bộ phận | F5: Position/ Chức vụ | G5: Start Date Ngày bắt đầu làm việc | H5: 46224 | I5: 46225 | J5: 46226 | K5: 46227 | L5: 46228 | M5: 46229 | N5: 46230 | O5: 46231 | P5: 46232 | Q5: 46233 | R5: 46234 | S5: 46235 | T5: 46236 | U5: 46237 | V5: 46238 | W5: 46239 | X5: 46240 | Y5: 46241 | Z5: 46242 | AA5: 46243 | AB5: 46244 | AC5: 46245 | AD5: 46246 | AE5: 46247 | AF5: 46248 | AG5: 46249 | AH5: 46250 | AI5: 46251 | AJ5: 46252 | AK5: 46253 | AL5: 46254 | AM5: Total Standard WD/ Tổng số ngày công chuẩn trong tháng | AN5: Total WD / Tồng số ngày làm việc thực tế | AO5: Total AL / Tồng số ngày nghỉ phép năm | AP5: Total UL/ Tồng số ngày nghỉ không lương | AQ5: Total PH/ Tồng số ngày nghỉ lễ | AR5: Total SL/ Tồng số ngày nghỉ ốm | AS5: Total PL/ Nghỉ hưởng lương theo luật như cha mẹ mất, kết hôn | AT5: Số ngày làm việc ban đêm / Số ngày làm việc ban đêm | AU5: Early leaving going late / Đi trễ về sớm | AV5: Performance Bonus/Tiền thưởng năng suất | AW5: Performance Bonus Allowance/ Tiền chuyên cần | AX5: Hazardous Allowance/ Tiền độc hại | AY5: Firefighting Allowance / Tiền trợ cấp PCCC | AZ5: Other fees / Các chi phí khác trong tháng | BA5: Trade Union fee / Trừ tiền đoàn phí | BB5: Month/ Tháng | BC5: Year/ Năm | BD5: Remarks/ Ghi chú
H6: Tue | I6: Wed | J6: Thu | K6: Fri | L6: Sat | M6: Sun | N6: Mon | O6: Tue | P6: Wed | Q6: Thu | R6: Fri | S6: Sat | T6: Sun | U6: Mon | V6: Tue | W6: Wed | X6: Thu | Y6: Fri | Z6: Sat | AA6: Sun | AB6: Mon | AC6: Tue | AD6: Wed | AE6: Thu | AF6: Fri | AG6: Sat | AH6: Sun | AI6: Mon | AJ6: Tue | AK6: Wed | AL6: Thu
H7: T3 | I7: T4 | J7: T5 | K7: T6 | L7: T7 | M7: CN | N7: T2 | O7: T3 | P7: T4 | Q7: T5 | R7: T6 | S7: T7 | T7: CN | U7: T2 | V7: T3 | W7: T4 | X7: T5 | Y7: T6 | Z7: T7 | AA7: CN | AB7: T2 | AC7: T3 | AD7: T4 | AE7: T5 | AF7: T6 | AG7: T7 | AH7: CN | AI7: T2 | AJ7: T3 | AK7: T4 | AL7: T5
A8: 1 | B8: LEP001 | C8: 1013789 | D8: Hồ Mỹ Phương | E8: Finance | F8: Finance & Accounting Manager | G8: 28/04/2025 | AN8: =COUNTIF(H8:AL8,"W")+COUNTIF(H8:AL8,"W/2")*0.5+COUNTIF(H8:AL8,"BT")+COUNTIF(H8:AL8,"N") -> 0 | AO8: =COUNTIF(H8:AL8,"AL") -> 0 | AP8: =COUNTIF(H8:AL8,"UL") -> 0 | AQ8: =COUNTIF(H8:AL8,"PH") -> 0 | AR8: =COUNTIF(H8:AL8,"SL") -> 0 | AS8: =COUNTIF(H8:AL8,"PL") -> 0 | BA8: -40000 | BB8: 8 | BC8: 2026
A9: 2 | B9: LEP004 | C9: 1014096 | D9: Lê Thành Hưng | E9: EHS | F9: EHS Engineer | G9: 09/06/2025 | AN9: =COUNTIF(H9:AL9,"W")+COUNTIF(H9:AL9,"W/2")*0.5+COUNTIF(H9:AL9,"BT")+COUNTIF(H9:AL9,"N") -> 0 | AO9: =COUNTIF(H9:AL9,"AL") -> 0 | AP9: =COUNTIF(H9:AL9,"UL") -> 0 | AQ9: =COUNTIF(H9:AL9,"PH") -> 0 | AR9: =COUNTIF(H9:AL9,"SL") -> 0 | AS9: =COUNTIF(H9:AL9,"PL") -> 0 | BA9: -40000 | BB9: 8 | BC9: 2026
A10: 3 | B10: LEP005 | D10: Tô Văn Thiện | E10: Sales | F10: Sales Manager for S.E.A. | G10: 1/7/2025 | AN10: =COUNTIF(H10:AL10,"W")+COUNTIF(H10:AL10,"W/2")*0.5+COUNTIF(H10:AL10,"BT")+COUNTIF(H10:AL10,"N") -> 0 | AO10: =COUNTIF(H10:AL10,"AL") -> 0 | AP10: =COUNTIF(H10:AL10,"UL") -> 0 | AQ10: =COUNTIF(H10:AL10,"PH") -> 0 | AR10: =COUNTIF(H10:AL10,"SL") -> 0 | AS10: =COUNTIF(H10:AL10,"PL") -> 0 | BA10: -40000 | BB10: 8 | BC10: 2026
A11: 4 | B11: LEP007 | C11: 1014338 | D11: Phan Thị Hải Âu | E11: Finance | F11: Accountant | G11: 14/7/2025 | AN11: =COUNTIF(H11:AL11,"W")+COUNTIF(H11:AL11,"W/2")*0.5+COUNTIF(H11:AL11,"BT")+COUNTIF(H11:AL11,"N") -> 0 | AO11: =COUNTIF(H11:AL11,"AL") -> 0 | AP11: =COUNTIF(H11:AL11,"UL") -> 0 | AQ11: =COUNTIF(H11:AL11,"PH") -> 0 | AR11: =COUNTIF(H11:AL11,"SL") -> 0 | AS11: =COUNTIF(H11:AL11,"PL") -> 0 | BA11: -40000 | BB11: 8 | BC11: 2026
A12: 5 | B12: LEP009 | C12: 1014359 | D12: Nguyễn Đăng Khoa | E12: Logistics | F12: Logistic Supervisor | G12: 21/7/2025 | AN12: =COUNTIF(H12:AL12,"W")+COUNTIF(H12:AL12,"W/2")*0.5+COUNTIF(H12:AL12,"BT")+COUNTIF(H12:AL12,"N") -> 0 | AO12: =COUNTIF(H12:AL12,"AL") -> 0 | AP12: =COUNTIF(H12:AL12,"UL") -> 0 | AQ12: =COUNTIF(H12:AL12,"PH") -> 0 | AR12: =COUNTIF(H12:AL12,"SL") -> 0 | AS12: =COUNTIF(H12:AL12,"PL") -> 0 | BA12: -40000 | BB12: 8 | BC12: 2026
A13: 6 | B13: LEP010 | D13: Trịnh Đình Tâm | E13: WH | F13: Riveting Forklift Driver | G13: 4/8/2025 | I13: 2 | J13: 2 | K13: 2 | M13: 8 | S13: 2 | U13: 2 | AG13: 2 | AJ13: 2 | AL13: 1 | AN13: =COUNTIF(H13:AL13,"W")+COUNTIF(H13:AL13,"W/2")*0.5+COUNTIF(H13:AL13,"BT")+COUNTIF(H13:AL13,"N") -> 0 | AO13: =COUNTIF(H13:AL13,"AL") -> 0 | AP13: =COUNTIF(H13:AL13,"UL") -> 0 | AQ13: =COUNTIF(H13:AL13,"PH") -> 0 | AR13: =COUNTIF(H13:AL13,"SL") -> 0 | AS13: =COUNTIF(H13:AL13,"PL") -> 0 | BA13: -40000 | BB13: 8 | BC13: 2026
A14: 7 | B14: LEP011 | D14: Phạm Thanh Hiệp | E14: Logistics | F14: Customer Service Representative | G14: 4/8/2025 | AN14: =COUNTIF(H14:AL14,"W")+COUNTIF(H14:AL14,"W/2")*0.5+COUNTIF(H14:AL14,"BT")+COUNTIF(H14:AL14,"N") -> 0 | AO14: =COUNTIF(H14:AL14,"AL") -> 0 | AP14: =COUNTIF(H14:AL14,"UL") -> 0 | AQ14: =COUNTIF(H14:AL14,"PH") -> 0 | AR14: =COUNTIF(H14:AL14,"SL") -> 0 | AS14: =COUNTIF(H14:AL14,"PL") -> 0 | BA14: -40000 | BB14: 8 | BC14: 2026
A15: 8 | B15: LEP014 | D15: Phạm Hoàng Dinh | E15: Production | F15: Riveting Team leader | G15: 12/8/2025 | L15: 1 | V15: 1 | AN15: =COUNTIF(H15:AL15,"W")+COUNTIF(H15:AL15,"W/2")*0.5+COUNTIF(H15:AL15,"BT")+COUNTIF(H15:AL15,"N") -> 0 | AO15: =COUNTIF(H15:AL15,"AL") -> 0 | AP15: =COUNTIF(H15:AL15,"UL") -> 0 | AQ15: =COUNTIF(H15:AL15,"PH") -> 0 | AR15: =COUNTIF(H15:AL15,"SL") -> 0 | AS15: =COUNTIF(H15:AL15,"PL") -> 0 | BA15: -40000 | BB15: 8 | BC15: 2026
A16: 9 | B16: LEP018 | D16: Thạch Bạch Tra | E16: WH | F16: Warehouse Forklift Driver | G16: 18/8/2025 | J16: 2 | K16: 2 | M16: 8 | AN16: =COUNTIF(H16:AL16,"W")+COUNTIF(H16:AL16,"W/2")*0.5+COUNTIF(H16:AL16,"BT")+COUNTIF(H16:AL16,"N") -> 0 | AO16: =COUNTIF(H16:AL16,"AL") -> 0 | AP16: =COUNTIF(H16:AL16,"UL") -> 0 | AQ16: =COUNTIF(H16:AL16,"PH") -> 0 | AR16: =COUNTIF(H16:AL16,"SL") -> 0 | AS16: =COUNTIF(H16:AL16,"PL") -> 0 | BA16: -40000 | BB16: 8 | BC16: 2026
A17: 10 | B17: LEP022 | D17: Sử Hữu Trí | E17: Production | F17: Riveting Line Operator | G17: 18/8/2025 | I17: 2 | Y17: 2 | AE17: 2 | AN17: =COUNTIF(H17:AL17,"W")+COUNTIF(H17:AL17,"W/2")*0.5+COUNTIF(H17:AL17,"BT")+COUNTIF(H17:AL17,"N") -> 0 | AO17: =COUNTIF(H17:AL17,"AL") -> 0 | AP17: =COUNTIF(H17:AL17,"UL") -> 0 | AQ17: =COUNTIF(H17:AL17,"PH") -> 0 | AR17: =COUNTIF(H17:AL17,"SL") -> 0 | AS17: =COUNTIF(H17:AL17,"PL") -> 0 | BA17: -40000 | BB17: 8 | BC17: 2026
A18: 11 | B18: LEP023 | D18: Phạm Thị Ánh Hồng | E18: Logistics | F18: Customer Service Representative | G18: 20/8/2025 | AN18: =COUNTIF(H18:AL18,"W")+COUNTIF(H18:AL18,"W/2")*0.5+COUNTIF(H18:AL18,"BT")+COUNTIF(H18:AL18,"N") -> 0 | AO18: =COUNTIF(H18:AL18,"AL") -> 0 | AP18: =COUNTIF(H18:AL18,"UL") -> 0 | AQ18: =COUNTIF(H18:AL18,"PH") -> 0 | AR18: =COUNTIF(H18:AL18,"SL") -> 0 | AS18: =COUNTIF(H18:AL18,"PL") -> 0 | BA18: -40000 | BB18: 8 | BC18: 2026
A19: 12 | B19: LEP026 | D19: Nguyễn Bá Trinh | E19: WH | F19: WH Operator | G19: 21/8/2025 | I19: 2 | J19: 2 | K19: 1 | M19: 8 | AN19: =COUNTIF(H19:AL19,"W")+COUNTIF(H19:AL19,"W/2")*0.5+COUNTIF(H19:AL19,"BT")+COUNTIF(H19:AL19,"N") -> 0 | AO19: =COUNTIF(H19:AL19,"AL") -> 0 | AP19: =COUNTIF(H19:AL19,"UL") -> 0 | AQ19: =COUNTIF(H19:AL19,"PH") -> 0 | AR19: =COUNTIF(H19:AL19,"SL") -> 0 | AS19: =COUNTIF(H19:AL19,"PL") -> 0 | BA19: -40000 | BB19: 8 | BC19: 2026
A20: 13 | B20: LEP027 | D20: Nguyễn Vũ Nguyệt Anh | E20: QC | F20: QC Inspector | G20: 25/8/2025 | U20: 2 | V20: 2.5 | W20: 2 | X20: 3 | Y20: 2 | AB20: 2 | AC20: 0.5 | AE20: 2 | AK20: 2 | AN20: =COUNTIF(H20:AL20,"W")+COUNTIF(H20:AL20,"W/2")*0.5+COUNTIF(H20:AL20,"BT")+COUNTIF(H20:AL20,"N") -> 0 | AO20: =COUNTIF(H20:AL20,"AL") -> 0 | AP20: =COUNTIF(H20:AL20,"UL") -> 0 | AQ20: =COUNTIF(H20:AL20,"PH") -> 0 | AR20: =COUNTIF(H20:AL20,"SL") -> 0 | AS20: =COUNTIF(H20:AL20,"PL") -> 0 | BA20: -40000 | BB20: 8 | BC20: 2026
A21: 14 | B21: LEP028 | D21: Mã Hén Chiêu | E21: WH | F21: WH Staff | G21: 26/8/2025 | J21: 2 | M21: 8 | Q21: 2 | AN21: =COUNTIF(H21:AL21,"W")+COUNTIF(H21:AL21,"W/2")*0.5+COUNTIF(H21:AL21,"BT")+COUNTIF(H21:AL21,"N") -> 0 | AO21: =COUNTIF(H21:AL21,"AL") -> 0 | AP21: =COUNTIF(H21:AL21,"UL") -> 0 | AQ21: =COUNTIF(H21:AL21,"PH") -> 0 | AR21: =COUNTIF(H21:AL21,"SL") -> 0 | AS21: =COUNTIF(H21:AL21,"PL") -> 0 | BA21: -40000 | BB21: 8 | BC21: 2026
A22: 15 | B22: LEP029 | D22: Nguyễn Phương Nam | E22: WH | F22: WH Forklift Driver | G22: 26/8/2025 | J22: 2 | K22: 2 | AN22: =COUNTIF(H22:AL22,"W")+COUNTIF(H22:AL22,"W/2")*0.5+COUNTIF(H22:AL22,"BT")+COUNTIF(H22:AL22,"N") -> 0 | AO22: =COUNTIF(H22:AL22,"AL") -> 0 | AP22: =COUNTIF(H22:AL22,"UL") -> 0 | AQ22: =COUNTIF(H22:AL22,"PH") -> 0 | AR22: =COUNTIF(H22:AL22,"SL") -> 0 | AS22: =COUNTIF(H22:AL22,"PL") -> 0 | BA22: -40000 | BB22: 8 | BC22: 2026
A23: 16 | B23: LEP031 | D23: Dương Tấn Thanh | E23: WH | F23: WH Operator | G23: 29/8/2025 | J23: 2 | K23: 2 | AN23: =COUNTIF(H23:AL23,"W")+COUNTIF(H23:AL23,"W/2")*0.5+COUNTIF(H23:AL23,"BT")+COUNTIF(H23:AL23,"N") -> 0 | AO23: =COUNTIF(H23:AL23,"AL") -> 0 | AP23: =COUNTIF(H23:AL23,"UL") -> 0 | AQ23: =COUNTIF(H23:AL23,"PH") -> 0 | AR23: =COUNTIF(H23:AL23,"SL") -> 0 | AS23: =COUNTIF(H23:AL23,"PL") -> 0 | BA23: -40000 | BB23: 8 | BC23: 2026
A24: 17 | B24: LEP036 | D24: Hà Văn Sáng | E24: WH | F24: WH Forklift Driver | G24: 45878 | I24: 2 | J24: 2 | K24: 2 | AN24: =COUNTIF(H24:AL24,"W")+COUNTIF(H24:AL24,"W/2")*0.5+COUNTIF(H24:AL24,"BT")+COUNTIF(H24:AL24,"N") -> 0 | AO24: =COUNTIF(H24:AL24,"AL") -> 0 | AP24: =COUNTIF(H24:AL24,"UL") -> 0 | AQ24: =COUNTIF(H24:AL24,"PH") -> 0 | AR24: =COUNTIF(H24:AL24,"SL") -> 0 | AS24: =COUNTIF(H24:AL24,"PL") -> 0 | BA24: -40000 | BB24: 8 | BC24: 2026
A25: 18 | B25: LEP040 | D25: Dương Văn Thành | E25: Finance | F25: Branch IT Administrator | G25: 15/09/2025 | AN25: =COUNTIF(H25:AL25,"W")+COUNTIF(H25:AL25,"W/2")*0.5+COUNTIF(H25:AL25,"BT")+COUNTIF(H25:AL25,"N") -> 0 | AO25: =COUNTIF(H25:AL25,"AL") -> 0 | AP25: =COUNTIF(H25:AL25,"UL") -> 0 | AQ25: =COUNTIF(H25:AL25,"PH") -> 0 | AR25: =COUNTIF(H25:AL25,"SL") -> 0 | AS25: =COUNTIF(H25:AL25,"PL") -> 0 | BA25: -40000 | BB25: 8 | BC25: 2026
A26: 19 | B26: LEP045 | D26: Huỳnh Hoài Thương | E26: Production | F26: Riveting Line Operator | G26: 17/09/2025 | Y26: 2 | BB26: 8 | BC26: 2026
A27: 20 | B27: LEP048 | D27: Phan Phước Tài | E27: Maintenance (PRO) | F27: Mechanical Maintenance Specialist | G27: 25/09/2025 | J27: 2 | M27: 9 | Q27: 2 | S27: 2 | T27: 8 | X27: 3 | AN27: =COUNTIF(H27:AL27,"W")+COUNTIF(H27:AL27,"W/2")*0.5+COUNTIF(H27:AL27,"BT")+COUNTIF(H27:AL27,"N") -> 0 | AO27: =COUNTIF(H27:AL27,"AL") -> 0 | AP27: =COUNTIF(H27:AL27,"UL") -> 0 | AQ27: =COUNTIF(H27:AL27,"PH") -> 0 | AR27: =COUNTIF(H27:AL27,"SL") -> 0 | AS27: =COUNTIF(H27:AL27,"PL") -> 0 | BA27: -40000 | BB27: 8 | BC27: 2026
A28: 21 | B28: LEP049 | D28: Ngô Viết Đức | E28: Maintenance (PRO) | F28: Electrical Maintenance Specialist | G28: 25/09/2025 | M28: 9 | R28: 2 | U28: 2 | V28: 2 | W28: 2 | Y28: 2 | AE28: 2 | AN28: =COUNTIF(H28:AL28,"W")+COUNTIF(H28:AL28,"W/2")*0.5+COUNTIF(H28:AL28,"BT")+COUNTIF(H28:AL28,"N") -> 0 | AO28: =COUNTIF(H28:AL28,"AL") -> 0 | AP28: =COUNTIF(H28:AL28,"UL") -> 0 | AQ28: =COUNTIF(H28:AL28,"PH") -> 0 | AR28: =COUNTIF(H28:AL28,"SL") -> 0 | AS28: =COUNTIF(H28:AL28,"PL") -> 0 | BA28: -40000 | BB28: 8 | BC28: 2026
A29: 22 | B29: LEP052 | D29: Nguyễn Nam Bình | E29: Production | F29: Riveting Line Operator | G29: 30/09/2025 | Y29: 2 | AN29: =COUNTIF(H29:AL29,"W")+COUNTIF(H29:AL29,"W/2")*0.5+COUNTIF(H29:AL29,"BT")+COUNTIF(H29:AL29,"N") -> 0 | AO29: =COUNTIF(H29:AL29,"AL") -> 0 | AP29: =COUNTIF(H29:AL29,"UL") -> 0 | AQ29: =COUNTIF(H29:AL29,"PH") -> 0 | AR29: =COUNTIF(H29:AL29,"SL") -> 0 | AS29: =COUNTIF(H29:AL29,"PL") -> 0 | BA29: -40000 | BB29: 8 | BC29: 2026
A30: 23 | B30: LEP054 | D30: Cao Ngọc Linh | E30: Maintenance (PRO) | F30: Environmental Protection Equipment | G30: 01/10/2025 | I30: 2 | N30: 2 | P30: 2 | Q30: 2 | S30: 1 | AB30: 2 | AE30: 2 | AG30: 1 | AJ30: 2 | AN30: =COUNTIF(H30:AL30,"W")+COUNTIF(H30:AL30,"W/2")*0.5+COUNTIF(H30:AL30,"BT")+COUNTIF(H30:AL30,"N") -> 0 | AO30: =COUNTIF(H30:AL30,"AL") -> 0 | AP30: =COUNTIF(H30:AL30,"UL") -> 0 | AQ30: =COUNTIF(H30:AL30,"PH") -> 0 | AR30: =COUNTIF(H30:AL30,"SL") -> 0 | AS30: =COUNTIF(H30:AL30,"PL") -> 0 | BA30: -40000 | BB30: 8 | BC30: 2026
A31: 24 | B31: LEP056 | D31: Đỗ Thế Tài | E31: Production | F31: Painting Line Operator | G31: 02/10/2025 | P31: 2 | Q31: 2 | W31: 2 | X31: 2 | AN31: =COUNTIF(H31:AL31,"W")+COUNTIF(H31:AL31,"W/2")*0.5+COUNTIF(H31:AL31,"BT")+COUNTIF(H31:AL31,"N") -> 0 | AO31: =COUNTIF(H31:AL31,"AL") -> 0 | AP31: =COUNTIF(H31:AL31,"UL") -> 0 | AQ31: =COUNTIF(H31:AL31,"PH") -> 0 | AR31: =COUNTIF(H31:AL31,"SL") -> 0 | AS31: =COUNTIF(H31:AL31,"PL") -> 0 | BA31: -40000 | BB31: 8 | BC31: 2026
A32: 25 | B32: LEP057 | D32: Lâm Thanh Hiếu | E32: Production | F32: Painting Line Operator | G32: 02/10/2025 | I32: 2 | J32: 2 | Q32: 2 | S32: 1 | AB32: 2 | AE32: 2 | AG32: 1 | AN32: =COUNTIF(H32:AL32,"W")+COUNTIF(H32:AL32,"W/2")*0.5+COUNTIF(H32:AL32,"BT")+COUNTIF(H32:AL32,"N") -> 0 | AO32: =COUNTIF(H32:AL32,"AL") -> 0 | AP32: =COUNTIF(H32:AL32,"UL") -> 0 | AQ32: =COUNTIF(H32:AL32,"PH") -> 0 | AR32: =COUNTIF(H32:AL32,"SL") -> 0 | AS32: =COUNTIF(H32:AL32,"PL") -> 0 | BA32: -40000 | BB32: 8 | BC32: 2026
A33: 26 | B33: LEP062 | D33: Dương Trung Toàn | E33: Production | F33: Riveting Line Operator | G33: 04/10/2025 | Y33: 2 | AE33: 2 | AN33: =COUNTIF(H33:AL33,"W")+COUNTIF(H33:AL33,"W/2")*0.5+COUNTIF(H33:AL33,"BT")+COUNTIF(H33:AL33,"N") -> 0 | AO33: =COUNTIF(H33:AL33,"AL") -> 0 | AP33: =COUNTIF(H33:AL33,"UL") -> 0 | AQ33: =COUNTIF(H33:AL33,"PH") -> 0 | AR33: =COUNTIF(H33:AL33,"SL") -> 0 | AS33: =COUNTIF(H33:AL33,"PL") -> 0 | BA33: -40000 | BB33: 8 | BC33: 2026
A34: 27 | B34: LEP067 | D34: H Nguel Kbuor | E34: Production | F34: Painting Line Operator | G34: 07/10/2025 | AN34: =COUNTIF(H34:AL34,"W")+COUNTIF(H34:AL34,"W/2")*0.5+COUNTIF(H34:AL34,"BT")+COUNTIF(H34:AL34,"N") -> 0 | AO34: =COUNTIF(H34:AL34,"AL") -> 0 | AP34: =COUNTIF(H34:AL34,"UL") -> 0 | AQ34: =COUNTIF(H34:AL34,"PH") -> 0 | AR34: =COUNTIF(H34:AL34,"SL") -> 0 | AS34: =COUNTIF(H34:AL34,"PL") -> 0 | BA34: -40000 | BB34: 8 | BC34: 2026
A35: 28 | B35: LEP068 | D35: Y in Zơ Kbuor | E35: Production | F35: Riveting Line Operator | G35: 07/10/2025 | Y35: 2 | AE35: 2 | AN35: =COUNTIF(H35:AL35,"W")+COUNTIF(H35:AL35,"W/2")*0.5+COUNTIF(H35:AL35,"BT")+COUNTIF(H35:AL35,"N") -> 0 | AO35: =COUNTIF(H35:AL35,"AL") -> 0 | AP35: =COUNTIF(H35:AL35,"UL") -> 0 | AQ35: =COUNTIF(H35:AL35,"PH") -> 0 | AR35: =COUNTIF(H35:AL35,"SL") -> 0 | AS35: =COUNTIF(H35:AL35,"PL") -> 0 | BA35: -40000 | BB35: 8 | BC35: 2026
A36: 29 | B36: LEP069 | D36: Siu Nhoát | E36: Production | F36: Riveting Line Operator | G36: 07/10/2025 | AN36: =COUNTIF(H36:AL36,"W")+COUNTIF(H36:AL36,"W/2")*0.5+COUNTIF(H36:AL36,"BT")+COUNTIF(H36:AL36,"N") -> 0 | AO36: =COUNTIF(H36:AL36,"AL") -> 0 | AP36: =COUNTIF(H36:AL36,"UL") -> 0 | AQ36: =COUNTIF(H36:AL36,"PH") -> 0 | AR36: =COUNTIF(H36:AL36,"SL") -> 0 | AS36: =COUNTIF(H36:AL36,"PL") -> 0 | BA36: -40000 | BB36: 8 | BC36: 2026
A37: 30 | B37: LEP073 | D37: Y Sion Kbuor | E37: Production | F37: Riveting Line Operator | G37: 13/10/2025 | Y37: 2 | AN37: =COUNTIF(H37:AL37,"W")+COUNTIF(H37:AL37,"W/2")*0.5+COUNTIF(H37:AL37,"BT")+COUNTIF(H37:AL37,"N") -> 0 | AO37: =COUNTIF(H37:AL37,"AL") -> 0 | AP37: =COUNTIF(H37:AL37,"UL") -> 0 | AQ37: =COUNTIF(H37:AL37,"PH") -> 0 | AR37: =COUNTIF(H37:AL37,"SL") -> 0 | AS37: =COUNTIF(H37:AL37,"PL") -> 0 | BA37: -40000 | BB37: 8 | BC37: 2026
A38: 31 | B38: LEP075 | D38: Trần Văn Trọn | E38: Production | F38: Riveting Line Operator | G38: 15/10/2025 | AN38: =COUNTIF(H38:AL38,"W")+COUNTIF(H38:AL38,"W/2")*0.5+COUNTIF(H38:AL38,"BT")+COUNTIF(H38:AL38,"N") -> 0 | AO38: =COUNTIF(H38:AL38,"AL") -> 0 | AP38: =COUNTIF(H38:AL38,"UL") -> 0 | AQ38: =COUNTIF(H38:AL38,"PH") -> 0 | AR38: =COUNTIF(H38:AL38,"SL") -> 0 | AS38: =COUNTIF(H38:AL38,"PL") -> 0 | BA38: -40000 | BB38: 8 | BC38: 2026
A39: 32 | B39: LEP080 | D39: Phạm Hùng Cường | E39: Production | F39: Riveting Line Operator | G39: 17/10/2025 | AN39: =COUNTIF(H39:AL39,"W")+COUNTIF(H39:AL39,"W/2")*0.5+COUNTIF(H39:AL39,"BT")+COUNTIF(H39:AL39,"N") -> 0 | AO39: =COUNTIF(H39:AL39,"AL") -> 0 | AP39: =COUNTIF(H39:AL39,"UL") -> 0 | AQ39: =COUNTIF(H39:AL39,"PH") -> 0 | AR39: =COUNTIF(H39:AL39,"SL") -> 0 | AS39: =COUNTIF(H39:AL39,"PL") -> 0 | BA39: -40000 | BB39: 8 | BC39: 2026
A40: 33 | B40: LEP091 | D40: Trần Văn Lựa | E40: Production | F40: Riveting Line Operator | G40: 22/10/2025 | Y40: 2 | AE40: 2 | AN40: =COUNTIF(H40:AL40,"W")+COUNTIF(H40:AL40,"W/2")*0.5+COUNTIF(H40:AL40,"BT")+COUNTIF(H40:AL40,"N") -> 0 | AO40: =COUNTIF(H40:AL40,"AL") -> 0 | AP40: =COUNTIF(H40:AL40,"UL") -> 0 | AQ40: =COUNTIF(H40:AL40,"PH") -> 0 | AR40: =COUNTIF(H40:AL40,"SL") -> 0 | AS40: =COUNTIF(H40:AL40,"PL") -> 0 | BA40: -40000 | BB40: 8 | BC40: 2026
A41: 34 | B41: LEP104 | D41: Nguyễn Quang Linh | E41: Production | F41: Riveting Line Operator | G41: 29/10/2025 | AN41: =COUNTIF(H41:AL41,"W")+COUNTIF(H41:AL41,"W/2")*0.5+COUNTIF(H41:AL41,"BT")+COUNTIF(H41:AL41,"N") -> 0 | AO41: =COUNTIF(H41:AL41,"AL") -> 0 | AP41: =COUNTIF(H41:AL41,"UL") -> 0 | AQ41: =COUNTIF(H41:AL41,"PH") -> 0 | AR41: =COUNTIF(H41:AL41,"SL") -> 0 | AS41: =COUNTIF(H41:AL41,"PL") -> 0 | BA41: -40000 | BB41: 8 | BC41: 2026
A42: 35 | B42: LEP109 | D42: Nguyễn Hữu Đức | E42: Production | F42: Riveting Line Operator | G42: 07/11/2025 | AN42: =COUNTIF(H42:AL42,"W")+COUNTIF(H42:AL42,"W/2")*0.5+COUNTIF(H42:AL42,"BT")+COUNTIF(H42:AL42,"N") -> 0 | AO42: =COUNTIF(H42:AL42,"AL") -> 0 | AP42: =COUNTIF(H42:AL42,"UL") -> 0 | AQ42: =COUNTIF(H42:AL42,"PH") -> 0 | AR42: =COUNTIF(H42:AL42,"SL") -> 0 | AS42: =COUNTIF(H42:AL42,"PL") -> 0 | BA42: -40000 | BB42: 8 | BC42: 2026
A43: 36 | B43: LEP113 | D43: Phan Thị Kim Anh | E43: Production | F43: Production Operator | G43: 18/11/2025 | P43: 2 | Q43: 2 | S43: 2 | V43: 2 | AN43: =COUNTIF(H43:AL43,"W")+COUNTIF(H43:AL43,"W/2")*0.5+COUNTIF(H43:AL43,"BT")+COUNTIF(H43:AL43,"N") -> 0 | AO43: =COUNTIF(H43:AL43,"AL") -> 0 | AP43: =COUNTIF(H43:AL43,"UL") -> 0 | AQ43: =COUNTIF(H43:AL43,"PH") -> 0 | AR43: =COUNTIF(H43:AL43,"SL") -> 0 | AS43: =COUNTIF(H43:AL43,"PL") -> 0 | BA43: -40000 | BB43: 8 | BC43: 2026
A44: 37 | B44: LEP114 | D44: Nguyễn Văn Út | E44: Production | F44: Production Operator | G44: 18/11/2025 | AN44: =COUNTIF(H44:AL44,"W")+COUNTIF(H44:AL44,"W/2")*0.5+COUNTIF(H44:AL44,"BT")+COUNTIF(H44:AL44,"N") -> 0 | AO44: =COUNTIF(H44:AL44,"AL") -> 0 | AP44: =COUNTIF(H44:AL44,"UL") -> 0 | AQ44: =COUNTIF(H44:AL44,"PH") -> 0 | AR44: =COUNTIF(H44:AL44,"SL") -> 0 | AS44: =COUNTIF(H44:AL44,"PL") -> 0 | BA44: -40000 | BB44: 8 | BC44: 2026
A45: 38 | B45: LEP127 | D45: Lý Văn Minh Tâm | E45: Production | F45: Production Operator | G45: 25/11/2025 | X45: 3 | Y45: 2 | AE45: 2 | AN45: =COUNTIF(H45:AL45,"W")+COUNTIF(H45:AL45,"W/2")*0.5+COUNTIF(H45:AL45,"BT")+COUNTIF(H45:AL45,"N") -> 0 | AO45: =COUNTIF(H45:AL45,"AL") -> 0 | AP45: =COUNTIF(H45:AL45,"UL") -> 0 | AQ45: =COUNTIF(H45:AL45,"PH") -> 0 | AR45: =COUNTIF(H45:AL45,"SL") -> 0 | AS45: =COUNTIF(H45:AL45,"PL") -> 0 | BA45: -40000 | BB45: 8 | BC45: 2026
A46: 39 | B46: LEP131 | D46: Đỗ Thị Kim Liên | E46: Production | F46: Production Operator | G46: 25/11/2025 | AN46: =COUNTIF(H46:AL46,"W")+COUNTIF(H46:AL46,"W/2")*0.5+COUNTIF(H46:AL46,"BT")+COUNTIF(H46:AL46,"N") -> 0 | AO46: =COUNTIF(H46:AL46,"AL") -> 0 | AP46: =COUNTIF(H46:AL46,"UL") -> 0 | AQ46: =COUNTIF(H46:AL46,"PH") -> 0 | AR46: =COUNTIF(H46:AL46,"SL") -> 0 | AS46: =COUNTIF(H46:AL46,"PL") -> 0 | BB46: 8 | BC46: 2026
A47: 40 | B47: LEP132 | D47: Nguyễn Thị Hương | E47: Production | F47: Production Operator | G47: 25/11/2025 | AN47: =COUNTIF(H47:AL47,"W")+COUNTIF(H47:AL47,"W/2")*0.5+COUNTIF(H47:AL47,"BT")+COUNTIF(H47:AL47,"N") -> 0 | AO47: =COUNTIF(H47:AL47,"AL") -> 0 | AP47: =COUNTIF(H47:AL47,"UL") -> 0 | AQ47: =COUNTIF(H47:AL47,"PH") -> 0 | AR47: =COUNTIF(H47:AL47,"SL") -> 0 | AS47: =COUNTIF(H47:AL47,"PL") -> 0 | BA47: -40000 | BB47: 8 | BC47: 2026
A48: 41 | B48: LEP134 | D48: Nguyễn Thị Cẩm Hằng | E48: Production | F48: Production Operator | G48: 25/11/2025 | AN48: =COUNTIF(H48:AL48,"W")+COUNTIF(H48:AL48,"W/2")*0.5+COUNTIF(H48:AL48,"BT")+COUNTIF(H48:AL48,"N") -> 0 | AO48: =COUNTIF(H48:AL48,"AL") -> 0 | AP48: =COUNTIF(H48:AL48,"UL") -> 0 | AQ48: =COUNTIF(H48:AL48,"PH") -> 0 | AR48: =COUNTIF(H48:AL48,"SL") -> 0 | AS48: =COUNTIF(H48:AL48,"PL") -> 0 | BA48: -40000 | BB48: 8 | BC48: 2026
A49: 42 | B49: LEP146 | D49: Nguyễn Thị Diệu Minh | E49: Production | F49: Production Operator | G49: 16/12/2025 | AN49: =COUNTIF(H49:AL49,"W")+COUNTIF(H49:AL49,"W/2")*0.5+COUNTIF(H49:AL49,"BT")+COUNTIF(H49:AL49,"N") -> 0 | AO49: =COUNTIF(H49:AL49,"AL") -> 0 | AP49: =COUNTIF(H49:AL49,"UL") -> 0 | AQ49: =COUNTIF(H49:AL49,"PH") -> 0 | AR49: =COUNTIF(H49:AL49,"SL") -> 0 | AS49: =COUNTIF(H49:AL49,"PL") -> 0 | BA49: -40000 | BB49: 8 | BC49: 2026
A50: 43 | B50: LEP149 | D50: Hà Ngọc Lưu | E50: WH | F50: Warehouse Team Leader | G50: 09/01/2026 | J50: 1 | K50: 2.5 | M50: 8 | Q50: 2 | U50: 2 | V50: 2 | W50: 1 | AC50: 1 | AI50: 2 | AL50: 2 | AN50: =COUNTIF(H50:AL50,"W")+COUNTIF(H50:AL50,"W/2")*0.5+COUNTIF(H50:AL50,"BT")+COUNTIF(H50:AL50,"N") -> 0 | AO50: =COUNTIF(H50:AL50,"AL") -> 0 | AP50: =COUNTIF(H50:AL50,"UL") -> 0 | AQ50: =COUNTIF(H50:AL50,"PH") -> 0 | AR50: =COUNTIF(H50:AL50,"SL") -> 0 | AS50: =COUNTIF(H50:AL50,"PL") -> 0 | BA50: -40000 | BB50: 8 | BC50: 2026
A51: 44 | B51: LEP152 | D51: Hoàng Trọng Hiếu | E51: Production | F51: Production Operator | G51: 27/01/2026 | P51: 2 | Q51: 2 | V51: 2 | AE51: 2 | AN51: =COUNTIF(H51:AL51,"W")+COUNTIF(H51:AL51,"W/2")*0.5+COUNTIF(H51:AL51,"BT")+COUNTIF(H51:AL51,"N") -> 0 | AO51: =COUNTIF(H51:AL51,"AL") -> 0 | AP51: =COUNTIF(H51:AL51,"UL") -> 0 | AQ51: =COUNTIF(H51:AL51,"PH") -> 0 | AR51: =COUNTIF(H51:AL51,"SL") -> 0 | AS51: =COUNTIF(H51:AL51,"PL") -> 0 | BA51: -40000 | BB51: 8 | BC51: 2026
A52: 45 | B52: LEP158 | D52: Nguyễn Tiến Đạt | E52: Production | F52: Production Operator | G52: 25/02/2026 | AN52: =COUNTIF(H52:AL52,"W")+COUNTIF(H52:AL52,"W/2")*0.5+COUNTIF(H52:AL52,"BT")+COUNTIF(H52:AL52,"N") -> 0 | AO52: =COUNTIF(H52:AL52,"AL") -> 0 | AP52: =COUNTIF(H52:AL52,"UL") -> 0 | AQ52: =COUNTIF(H52:AL52,"PH") -> 0 | AR52: =COUNTIF(H52:AL52,"SL") -> 0 | AS52: =COUNTIF(H52:AL52,"PL") -> 0 | BA52: -40000 | BB52: 8 | BC52: 2026
A53: 46 | B53: LEP165A | D53: Trần Văn Trí | E53: Production | F53: Production Operator | G53: 26/02/2026 | AN53: =COUNTIF(H53:AL53,"W")+COUNTIF(H53:AL53,"W/2")*0.5+COUNTIF(H53:AL53,"BT")+COUNTIF(H53:AL53,"N") -> 0 | AO53: =COUNTIF(H53:AL53,"AL") -> 0 | AP53: =COUNTIF(H53:AL53,"UL") -> 0 | AQ53: =COUNTIF(H53:AL53,"PH") -> 0 | AR53: =COUNTIF(H53:AL53,"SL") -> 0 | AS53: =COUNTIF(H53:AL53,"PL") -> 0 | BA53: -40000 | BB53: 8 | BC53: 2026
A54: 47 | B54: LEP169 | D54: Phạm Lí Hùng | E54: WH | F54: WH Operator | G54: 03/03/2026 | K54: 2 | AG54: 2 | AJ54: 2 | AL54: 2 | AN54: =COUNTIF(H54:AL54,"W")+COUNTIF(H54:AL54,"W/2")*0.5+COUNTIF(H54:AL54,"BT")+COUNTIF(H54:AL54,"N") -> 0 | AO54: =COUNTIF(H54:AL54,"AL") -> 0 | AP54: =COUNTIF(H54:AL54,"UL") -> 0 | AQ54: =COUNTIF(H54:AL54,"PH") -> 0 | AR54: =COUNTIF(H54:AL54,"SL") -> 0 | AS54: =COUNTIF(H54:AL54,"PL") -> 0 | BA54: -40000 | BB54: 8 | BC54: 2026
A55: 48 | B55: LEP170 | D55: Phạm Quang Vinh | E55: WH | F55: WH Staff | G55: 05/03/2026 | J55: 1 | K55: 1 | U55: 2 | V55: 1 | W55: 1 | AB55: 2 | AC55: 1 | AD55: 1 | AI55: 2 | AN55: =COUNTIF(H55:AL55,"W")+COUNTIF(H55:AL55,"W/2")*0.5+COUNTIF(H55:AL55,"BT")+COUNTIF(H55:AL55,"N") -> 0 | AO55: =COUNTIF(H55:AL55,"AL") -> 0 | AP55: =COUNTIF(H55:AL55,"UL") -> 0 | AQ55: =COUNTIF(H55:AL55,"PH") -> 0 | AR55: =COUNTIF(H55:AL55,"SL") -> 0 | AS55: =COUNTIF(H55:AL55,"PL") -> 0 | BA55: -40000 | BB55: 8 | BC55: 2026
A56: 49 | B56: LEP180 | D56: Phạm Văn Giang | E56: WH | F56: WH Operator | G56: 06/03/2026 | K56: 2 | U56: 2 | V56: 2 | AN56: =COUNTIF(H56:AL56,"W")+COUNTIF(H56:AL56,"W/2")*0.5+COUNTIF(H56:AL56,"BT")+COUNTIF(H56:AL56,"N") -> 0 | AO56: =COUNTIF(H56:AL56,"AL") -> 0 | AP56: =COUNTIF(H56:AL56,"UL") -> 0 | AQ56: =COUNTIF(H56:AL56,"PH") -> 0 | AR56: =COUNTIF(H56:AL56,"SL") -> 0 | AS56: =COUNTIF(H56:AL56,"PL") -> 0 | BA56: -40000 | BB56: 8 | BC56: 2026
A57: 50 | B57: LEP181C | D57: Phan Thị Kim Triệu | E57: Production | F57: Production Operator | G57: 02/03/2026 | AN57: =COUNTIF(H57:AL57,"W")+COUNTIF(H57:AL57,"W/2")*0.5+COUNTIF(H57:AL57,"BT")+COUNTIF(H57:AL57,"N") -> 0 | AO57: =COUNTIF(H57:AL57,"AL") -> 0 | AP57: =COUNTIF(H57:AL57,"UL") -> 0 | AQ57: =COUNTIF(H57:AL57,"PH") -> 0 | AR57: =COUNTIF(H57:AL57,"SL") -> 0 | AS57: =COUNTIF(H57:AL57,"PL") -> 0 | BA57: -40000 | BB57: 8 | BC57: 2026
A58: 51 | B58: LEP181D | D58: Nguyễn Diệu Hân | E58: Production | F58: Production Operator | G58: 11/03/2026 | AN58: =COUNTIF(H58:AL58,"W")+COUNTIF(H58:AL58,"W/2")*0.5+COUNTIF(H58:AL58,"BT")+COUNTIF(H58:AL58,"N") -> 0 | AO58: =COUNTIF(H58:AL58,"AL") -> 0 | AP58: =COUNTIF(H58:AL58,"UL") -> 0 | AQ58: =COUNTIF(H58:AL58,"PH") -> 0 | AR58: =COUNTIF(H58:AL58,"SL") -> 0 | AS58: =COUNTIF(H58:AL58,"PL") -> 0 | BA58: -40000 | BB58: 8 | BC58: 2026
A59: 52 | B59: LEP181F | D59: Mã Tứ Hiếu | E59: Production | F59: Production Operator | G59: 11/03/2026 | AN59: =COUNTIF(H59:AL59,"W")+COUNTIF(H59:AL59,"W/2")*0.5+COUNTIF(H59:AL59,"BT")+COUNTIF(H59:AL59,"N") -> 0 | AO59: =COUNTIF(H59:AL59,"AL") -> 0 | AP59: =COUNTIF(H59:AL59,"UL") -> 0 | AQ59: =COUNTIF(H59:AL59,"PH") -> 0 | AR59: =COUNTIF(H59:AL59,"SL") -> 0 | AS59: =COUNTIF(H59:AL59,"PL") -> 0 | BA59: -40000 | BB59: 8 | BC59: 2026
A60: 53 | B60: LEP186A | D60: Võ Thị Minh Trang | E60: Production | F60: Production Operator | G60: 25/03/2026 | Y60: 2 | AN60: =COUNTIF(H60:AL60,"W")+COUNTIF(H60:AL60,"W/2")*0.5+COUNTIF(H60:AL60,"BT")+COUNTIF(H60:AL60,"N") -> 0 | AO60: =COUNTIF(H60:AL60,"AL") -> 0 | AP60: =COUNTIF(H60:AL60,"UL") -> 0 | AQ60: =COUNTIF(H60:AL60,"PH") -> 0 | AR60: =COUNTIF(H60:AL60,"SL") -> 0 | AS60: =COUNTIF(H60:AL60,"PL") -> 0 | BA60: -40000 | BB60: 8 | BC60: 2026
A61: 54 | B61: LEP189 | D61: Lê Minh Lực | E61: Production | F61: Production Operator | G61: 02/04/2026 | I61: 2 | J61: 2 | O61: 2 | Q61: 2 | S61: 2 | T61: 8 | V61: 2 | X61: 2 | AE61: 2 | AN61: =COUNTIF(H61:AL61,"W")+COUNTIF(H61:AL61,"W/2")*0.5+COUNTIF(H61:AL61,"BT")+COUNTIF(H61:AL61,"N") -> 0 | AO61: =COUNTIF(H61:AL61,"AL") -> 0 | AP61: =COUNTIF(H61:AL61,"UL") -> 0 | AQ61: =COUNTIF(H61:AL61,"PH") -> 0 | AR61: =COUNTIF(H61:AL61,"SL") -> 0 | AS61: =COUNTIF(H61:AL61,"PL") -> 0 | BA61: -40000 | BB61: 8 | BC61: 2026
A62: 55 | B62: LEP190 | D62: Cao Thị Oanh | E62: Production | F62: Production Operator | G62: 02/04/2026 | AN62: =COUNTIF(H62:AL62,"W")+COUNTIF(H62:AL62,"W/2")*0.5+COUNTIF(H62:AL62,"BT")+COUNTIF(H62:AL62,"N") -> 0 | AO62: =COUNTIF(H62:AL62,"AL") -> 0 | AP62: =COUNTIF(H62:AL62,"UL") -> 0 | AQ62: =COUNTIF(H62:AL62,"PH") -> 0 | AR62: =COUNTIF(H62:AL62,"SL") -> 0 | AS62: =COUNTIF(H62:AL62,"PL") -> 0 | BA62: -40000 | BB62: 8 | BC62: 2026
A63: 56 | B63: LEP191 | D63: Trương Mỹ Nhân | E63: Production | F63: Production Operator | G63: 02/04/2026 | Y63: 2 | AN63: =COUNTIF(H63:AL63,"W")+COUNTIF(H63:AL63,"W/2")*0.5+COUNTIF(H63:AL63,"BT")+COUNTIF(H63:AL63,"N") -> 0 | AO63: =COUNTIF(H63:AL63,"AL") -> 0 | AP63: =COUNTIF(H63:AL63,"UL") -> 0 | AQ63: =COUNTIF(H63:AL63,"PH") -> 0 | AR63: =COUNTIF(H63:AL63,"SL") -> 0 | AS63: =COUNTIF(H63:AL63,"PL") -> 0 | BA63: -40000 | BB63: 8 | BC63: 2026
A64: 57 | B64: LEP194A | D64: Y Việt Long Ding | E64: WH | F64: WH Operator | G64: 08/04/2026 | I64: 2 | J64: 2 | K64: 2 | U64: 2 | V64: 2 | AN64: =COUNTIF(H64:AL64,"W")+COUNTIF(H64:AL64,"W/2")*0.5+COUNTIF(H64:AL64,"BT")+COUNTIF(H64:AL64,"N") -> 0 | AO64: =COUNTIF(H64:AL64,"AL") -> 0 | AP64: =COUNTIF(H64:AL64,"UL") -> 0 | AQ64: =COUNTIF(H64:AL64,"PH") -> 0 | AR64: =COUNTIF(H64:AL64,"SL") -> 0 | AS64: =COUNTIF(H64:AL64,"PL") -> 0 | BA64: -40000 | BB64: 8 | BC64: 2026
A65: 58 | B65: LEP198 | D65: Mai Thị Kim Xuyến | E65: Logistics | F65: Master Planner | G65: 20/04/2026 | AN65: =COUNTIF(H65:AL65,"W")+COUNTIF(H65:AL65,"W/2")*0.5+COUNTIF(H65:AL65,"BT")+COUNTIF(H65:AL65,"N") -> 0 | AO65: =COUNTIF(H65:AL65,"AL") -> 0 | AP65: =COUNTIF(H65:AL65,"UL") -> 0 | AQ65: =COUNTIF(H65:AL65,"PH") -> 0 | AR65: =COUNTIF(H65:AL65,"SL") -> 0 | AS65: =COUNTIF(H65:AL65,"PL") -> 0 | BA65: -40000 | BB65: 8 | BC65: 2026
A66: 59 | B66: LEP202 | D66: Nguyễn Huỳnh Trâm | E66: Logistics | F66: Import-Export Specialist | G66: 06/05/2026 | AN66: =COUNTIF(H66:AL66,"W")+COUNTIF(H66:AL66,"W/2")*0.5+COUNTIF(H66:AL66,"BT")+COUNTIF(H66:AL66,"N") -> 0 | AO66: =COUNTIF(H66:AL66,"AL") -> 0 | AP66: =COUNTIF(H66:AL66,"UL") -> 0 | AQ66: =COUNTIF(H66:AL66,"PH") -> 0 | AR66: =COUNTIF(H66:AL66,"SL") -> 0 | AS66: =COUNTIF(H66:AL66,"PL") -> 0 | BA66: -40000 | BB66: 8 | BC66: 2026
A67: 60 | B67: LEP203 | D67: Danh Minh Trí | E67: Production | F67: Production Operator | G67: 16/05/2026 | I67: 2 | N67: 2 | P67: 2 | Q67: 2 | S67: 2 | V67: 2 | AN67: =COUNTIF(H67:AL67,"W")+COUNTIF(H67:AL67,"W/2")*0.5+COUNTIF(H67:AL67,"BT")+COUNTIF(H67:AL67,"N") -> 0 | AO67: =COUNTIF(H67:AL67,"AL") -> 0 | AP67: =COUNTIF(H67:AL67,"UL") -> 0 | AQ67: =COUNTIF(H67:AL67,"PH") -> 0 | AR67: =COUNTIF(H67:AL67,"SL") -> 0 | AS67: =COUNTIF(H67:AL67,"PL") -> 0 | BA67: -40000 | BB67: 8 | BC67: 2026
A68: 61 | B68: LEP205 | D68: Y Duân Nie | E68: Production | F68: Production Operator | G68: 21/05/2026 | R68: 2 | T68: 8 | AE68: 2 | AN68: =COUNTIF(H68:AL68,"W")+COUNTIF(H68:AL68,"W/2")*0.5+COUNTIF(H68:AL68,"BT")+COUNTIF(H68:AL68,"N") -> 0 | AO68: =COUNTIF(H68:AL68,"AL") -> 0 | AP68: =COUNTIF(H68:AL68,"UL") -> 0 | AQ68: =COUNTIF(H68:AL68,"PH") -> 0 | AR68: =COUNTIF(H68:AL68,"SL") -> 0 | AS68: =COUNTIF(H68:AL68,"PL") -> 0 | BA68: -40000 | BB68: 8 | BC68: 2026
A69: 62 | B69: LEP206 | D69: Lê Ngọc Quyết | E69: QC | F69: QC Inspector | G69: 22/05/2026 | Y69: 2 | AE69: 1 | AN69: =COUNTIF(H69:AL69,"W")+COUNTIF(H69:AL69,"W/2")*0.5+COUNTIF(H69:AL69,"BT")+COUNTIF(H69:AL69,"N") -> 0 | AO69: =COUNTIF(H69:AL69,"AL") -> 0 | AP69: =COUNTIF(H69:AL69,"UL") -> 0 | AQ69: =COUNTIF(H69:AL69,"PH") -> 0 | AR69: =COUNTIF(H69:AL69,"SL") -> 0 | AS69: =COUNTIF(H69:AL69,"PL") -> 0 | BA69: -40000 | BB69: 8 | BC69: 2026
A70: 63 | B70: LEP208 | D70: Đào Thanh Phước | E70: Production | F70: Production Operator | G70: 23/05/2026 | AN70: =COUNTIF(H70:AL70,"W")+COUNTIF(H70:AL70,"W/2")*0.5+COUNTIF(H70:AL70,"BT")+COUNTIF(H70:AL70,"N") -> 0 | AO70: =COUNTIF(H70:AL70,"AL") -> 0 | AP70: =COUNTIF(H70:AL70,"UL") -> 0 | AQ70: =COUNTIF(H70:AL70,"PH") -> 0 | AR70: =COUNTIF(H70:AL70,"SL") -> 0 | AS70: =COUNTIF(H70:AL70,"PL") -> 0 | BA70: -40000 | BB70: 8 | BC70: 2026
A71: 64 | B71: LEP209 | D71: Lưu Văn Huy | E71: Production | F71: Production Operator | G71: 26/05/2026 | O71: 2 | Q71: 2 | S71: 2 | U71: 2 | W71: 2 | AN71: =COUNTIF(H71:AL71,"W")+COUNTIF(H71:AL71,"W/2")*0.5+COUNTIF(H71:AL71,"BT")+COUNTIF(H71:AL71,"N") -> 0 | AO71: =COUNTIF(H71:AL71,"AL") -> 0 | AP71: =COUNTIF(H71:AL71,"UL") -> 0 | AQ71: =COUNTIF(H71:AL71,"PH") -> 0 | AR71: =COUNTIF(H71:AL71,"SL") -> 0 | AS71: =COUNTIF(H71:AL71,"PL") -> 0 | BA71: -40000 | BB71: 8 | BC71: 2026
A72: 65 | B72: LEP211 | D72: Ngô Hoàng Quốc Trung | E72: Production | F72: Production Operator | G72: 26/05/2026 | X72: 3 | Y72: 2 | AE72: 2 | AN72: =COUNTIF(H72:AL72,"W")+COUNTIF(H72:AL72,"W/2")*0.5+COUNTIF(H72:AL72,"BT")+COUNTIF(H72:AL72,"N") -> 0 | AO72: =COUNTIF(H72:AL72,"AL") -> 0 | AP72: =COUNTIF(H72:AL72,"UL") -> 0 | AQ72: =COUNTIF(H72:AL72,"PH") -> 0 | AR72: =COUNTIF(H72:AL72,"SL") -> 0 | AS72: =COUNTIF(H72:AL72,"PL") -> 0 | BA72: -40000 | BB72: 8 | BC72: 2026
A73: 66 | B73: LEP211B | D73: Nguyễn Gia Hào | E73: Production | F73: Production Operator | G73: 26/05/2026 | I73: 1.5 | L73: 1 | V73: 1 | Y73: 2 | AN73: =COUNTIF(H73:AL73,"W")+COUNTIF(H73:AL73,"W/2")*0.5+COUNTIF(H73:AL73,"BT")+COUNTIF(H73:AL73,"N") -> 0 | AO73: =COUNTIF(H73:AL73,"AL") -> 0 | AP73: =COUNTIF(H73:AL73,"UL") -> 0 | AQ73: =COUNTIF(H73:AL73,"PH") -> 0 | AR73: =COUNTIF(H73:AL73,"SL") -> 0 | AS73: =COUNTIF(H73:AL73,"PL") -> 0 | BA73: -40000 | BB73: 8 | BC73: 2026
A74: 67 | B74: LEP214 | D74: Trần Thị Ngọc Hương | E74: Production | F74: Production Operator | G74: 28/05/2026 | AN74: =COUNTIF(H74:AL74,"W")+COUNTIF(H74:AL74,"W/2")*0.5+COUNTIF(H74:AL74,"BT")+COUNTIF(H74:AL74,"N") -> 0 | AO74: =COUNTIF(H74:AL74,"AL") -> 0 | AP74: =COUNTIF(H74:AL74,"UL") -> 0 | AQ74: =COUNTIF(H74:AL74,"PH") -> 0 | AR74: =COUNTIF(H74:AL74,"SL") -> 0 | AS74: =COUNTIF(H74:AL74,"PL") -> 0 | BA74: -40000 | BB74: 8 | BC74: 2026
A75: 68 | B75: LEP215A | D75: Lý Thị Thúy Kiều | E75: Production | F75: Production Operator | G75: 28/05/2026 | Y75: 2 | AN75: =COUNTIF(H75:AL75,"W")+COUNTIF(H75:AL75,"W/2")*0.5+COUNTIF(H75:AL75,"BT")+COUNTIF(H75:AL75,"N") -> 0 | AO75: =COUNTIF(H75:AL75,"AL") -> 0 | AP75: =COUNTIF(H75:AL75,"UL") -> 0 | AQ75: =COUNTIF(H75:AL75,"PH") -> 0 | AR75: =COUNTIF(H75:AL75,"SL") -> 0 | AS75: =COUNTIF(H75:AL75,"PL") -> 0 | BA75: -40000 | BB75: 8 | BC75: 2026
A76: 69 | B76: LEP215B | D76: Lê Tiểu My | E76: Production | F76: Production Operator | G76: 28/05/2026 | AN76: =COUNTIF(H76:AL76,"W")+COUNTIF(H76:AL76,"W/2")*0.5+COUNTIF(H76:AL76,"BT")+COUNTIF(H76:AL76,"N") -> 0 | AO76: =COUNTIF(H76:AL76,"AL") -> 0 | AP76: =COUNTIF(H76:AL76,"UL") -> 0 | AQ76: =COUNTIF(H76:AL76,"PH") -> 0 | AR76: =COUNTIF(H76:AL76,"SL") -> 0 | AS76: =COUNTIF(H76:AL76,"PL") -> 0 | BA76: -40000 | BB76: 8 | BC76: 2026
A77: 70 | B77: LEP217 | D77: Nguyễn Văn Công | E77: Production | F77: Production Operator | G77: 01/06/2026 | AE77: 2 | AN77: =COUNTIF(H77:AL77,"W")+COUNTIF(H77:AL77,"W/2")*0.5+COUNTIF(H77:AL77,"BT")+COUNTIF(H77:AL77,"N") -> 0 | AO77: =COUNTIF(H77:AL77,"AL") -> 0 | AP77: =COUNTIF(H77:AL77,"UL") -> 0 | AQ77: =COUNTIF(H77:AL77,"PH") -> 0 | AR77: =COUNTIF(H77:AL77,"SL") -> 0 | AS77: =COUNTIF(H77:AL77,"PL") -> 0 | BA77: -40000 | BB77: 8 | BC77: 2026
A78: 71 | B78: LEP217A | D78: Trần Hoàng Sang | E78: QC | F78: QC Inspector | G78: 01/06/2026 | I78: 1.5 | Q78: 2 | X78: 2 | Y78: 2 | AE78: 1 | AN78: =COUNTIF(H78:AL78,"W")+COUNTIF(H78:AL78,"W/2")*0.5+COUNTIF(H78:AL78,"BT")+COUNTIF(H78:AL78,"N") -> 0 | AO78: =COUNTIF(H78:AL78,"AL") -> 0 | AP78: =COUNTIF(H78:AL78,"UL") -> 0 | AQ78: =COUNTIF(H78:AL78,"PH") -> 0 | AR78: =COUNTIF(H78:AL78,"SL") -> 0 | AS78: =COUNTIF(H78:AL78,"PL") -> 0 | BA78: -40000 | BB78: 8 | BC78: 2026
A79: 72 | B79: LEP217B | D79: Nguyễn Thanh Tâm | E79: QC | F79: QC Inspector | G79: 01/06/2026 | J79: 1 | AN79: =COUNTIF(H79:AL79,"W")+COUNTIF(H79:AL79,"W/2")*0.5+COUNTIF(H79:AL79,"BT")+COUNTIF(H79:AL79,"N") -> 0 | AO79: =COUNTIF(H79:AL79,"AL") -> 0 | AP79: =COUNTIF(H79:AL79,"UL") -> 0 | AQ79: =COUNTIF(H79:AL79,"PH") -> 0 | AR79: =COUNTIF(H79:AL79,"SL") -> 0 | AS79: =COUNTIF(H79:AL79,"PL") -> 0 | BA79: -40000 | BB79: 8 | BC79: 2026
A80: 73 | B80: LEP217C | D80: Phan Thị Ngọc Ánh | E80: Production | F80: Production Operator | G80: 01/06/2026 | AN80: =COUNTIF(H80:AL80,"W")+COUNTIF(H80:AL80,"W/2")*0.5+COUNTIF(H80:AL80,"BT")+COUNTIF(H80:AL80,"N") -> 0 | AO80: =COUNTIF(H80:AL80,"AL") -> 0 | AP80: =COUNTIF(H80:AL80,"UL") -> 0 | AQ80: =COUNTIF(H80:AL80,"PH") -> 0 | AR80: =COUNTIF(H80:AL80,"SL") -> 0 | AS80: =COUNTIF(H80:AL80,"PL") -> 0 | BB80: 8 | BC80: 2026
A81: 74 | B81: LEP220 | D81: Nguyễn Đăng Khoa | E81: QC | F81: Quality Team Leader | G81: 05/06/2026 | AN81: =COUNTIF(H81:AL81,"W")+COUNTIF(H81:AL81,"W/2")*0.5+COUNTIF(H81:AL81,"BT")+COUNTIF(H81:AL81,"N") -> 0 | AO81: =COUNTIF(H81:AL81,"AL") -> 0 | AP81: =COUNTIF(H81:AL81,"UL") -> 0 | AQ81: =COUNTIF(H81:AL81,"PH") -> 0 | AR81: =COUNTIF(H81:AL81,"SL") -> 0 | AS81: =COUNTIF(H81:AL81,"PL") -> 0 | BA81: -40000 | BB81: 8 | BC81: 2026
A82: 75 | B82: LEP221 | D82: Phan Đình Kiên | E82: Production | F82: Painting Team Leader | G82: 09/06/2026 | I82: 0.5 | P82: 2 | S82: 2 | V82: 2 | X82: 2 | AN82: =COUNTIF(H82:AL82,"W")+COUNTIF(H82:AL82,"W/2")*0.5+COUNTIF(H82:AL82,"BT")+COUNTIF(H82:AL82,"N") -> 0 | AO82: =COUNTIF(H82:AL82,"AL") -> 0 | AP82: =COUNTIF(H82:AL82,"UL") -> 0 | AQ82: =COUNTIF(H82:AL82,"PH") -> 0 | AR82: =COUNTIF(H82:AL82,"SL") -> 0 | AS82: =COUNTIF(H82:AL82,"PL") -> 0 | BA82: -40000 | BB82: 8 | BC82: 2026
A83: 76 | B83: LEP222 | D83: Đỗ Văn Noa | E83: Production | F83: Production Operator | G83: 17/06/2026 | AN83: =COUNTIF(H83:AL83,"W")+COUNTIF(H83:AL83,"W/2")*0.5+COUNTIF(H83:AL83,"BT")+COUNTIF(H83:AL83,"N") -> 0 | AO83: =COUNTIF(H83:AL83,"AL") -> 0 | AP83: =COUNTIF(H83:AL83,"UL") -> 0 | AQ83: =COUNTIF(H83:AL83,"PH") -> 0 | AR83: =COUNTIF(H83:AL83,"SL") -> 0 | AS83: =COUNTIF(H83:AL83,"PL") -> 0 | BA83: -40000 | BB83: 8 | BC83: 2026
A84: 77 | B84: LEP225 | D84: Nguyễn Văn Bình | E84: QC | F84: QC Inspector | G84: 22/06/2026 | Y84: 2 | AE84: 1 | BB84: 8 | BC84: 2026
A85: 78 | B85: LEP226 | D85: Nguyễn Huy Hoàng | E85: QC | F85: QC Inspector | G85: 22/06/2026 | U85: 2 | W85: 2 | Y85: 2 | AE85: 1 | BB85: 8 | BC85: 2026
A86: 79 | B86: LEP227 | D86: Châu Quốc Bình | E86: Production | F86: Production Operator | G86: 23/06/2026 | BB86: 8 | BC86: 2026
A87: 80 | B87: LEP228 | D87: Phạm Văn Toàn | E87: Production | F87: Production Operator | G87: 09/07/2026 | Y87: 2 | BB87: 8 | BC87: 2026
A88: 81 | B88: LEP100A | D88: Trần Nhơn Ái | E88: Production | F88: Production Operator | G88: 09/07/2026 | I88: 1.5 | L88: 1 | BB88: 8 | BC88: 2026
A89: 82 | B89: LEP236 | D89: Lê Thị Tố Uyên | E89: Production | F89: Production Operator | G89: 13/07/2026 | Y89: 2 | AE89: 2 | BB89: 8 | BC89: 2026
A90: 83 | B90: LEP112A | D90: Hồ Thị Lan | E90: Production | F90: Production Operator | G90: 14/07/2026 | BB90: 8 | BC90: 2026
A91: 84 | B91: LEP116A | D91: Ngô Văn Thảo | E91: Production | F91: Production Operator | G91: 14/07/2026 | BB91: 8 | BC91: 2026
A92: 85 | B92: LEP233 | D92: Sơn Quốc Phát | E92: Production | F92: Production Operator | G92: 14/07/2026 | BB92: 8 | BC92: 2026
A93: 86 | B93: LEP234 | D93: Nguyễn Thị Thảo Tiên | E93: Purchasing | F93: Purchasing Lead | G93: 15/07/2026 | BB93: 8 | BC93: 2026
A94: 87 | B94: LEP235 | D94: Nguyễn Thị Phương Thủy | E94: Admin | F94: Assistant to Branch Manager | G94: 16/07/2026 | BB94: 8 | BC94: 2026
A95: 88 | B95: LEP336 | D95: Đỗ Lê Nguyên | E95: Production | F95: Production Operator | G95: 21/07/2026 | O95: 2 | Q95: 2 | R95: 2 | U95: 2 | BB95: 8 | BC95: 2026
A96: 89 | B96: LEP066A | D96: Quách Tam Xuân | E96: Production | F96: Riveting Line Operator | G96: 21/07/2026 | Y96: 2 | AE96: 2 | BB96: 8 | BC96: 2026
A97: 90 | B97: LEP237 | D97: Sơn Văn Vương | E97: Production | F97: Painting Line Operator | G97: 22/07/2026 | O97: 2 | Q97: 2 | R97: 2 | T97: 8 | Y97: 2 | BB97: 8 | BC97: 2026
A98: 91 | B98: LEP103A | D98: Đặng Văn Trọng | E98: Production | F98: Riveting Line Operator | G98: 23/07/2026 | Y98: 2 | AE98: 2 | BB98: 8 | BC98: 2026
A99: 92 | B99: LEP204D | D99: Y' Lưới Hđơk | E99: Production | F99: Riveting Line Operator | G99: 23/07/2026 | BB99: 8 | BC99: 2026
A100: 93 | B100: LEP241 | D100: Nguyễn Thị Diễm Kiều | E100: HR | F100: HR & Admin Manager | G100: 03/08/2026 | BB100: 8 | BC100: 2026
A101: 94 | B101: LEP242 | D101: Trần Minh Tự | E101: Production | F101: Painting Line Operator | G101: 03/08/2026
A102: 95 | B102: LEP244 | D102: Huỳnh Văn Hiền | E102: Production | F102: Riveting Line Operator | G102: 10/08/2026
A103: 96 | B103: LEP245 | D103: Trương Thị Thuyền | E103: Production | F103: Riveting Line Operator | G103: 10/08/2026
...

Sheet Sheet1
A1: stt | B1: MSNV | C1: MS | D1: Họ tên | E1: Bộ phận | F1: Chức vụ | G1: Ngày vào làm | H1: Mã số phòng ban
A2: 1 | B2: LEP001 | C2: 1013789 | D2: Hồ Mỹ Phương | E2: Finance | F2: Finance & Accounting Manager | G2: 28/04/2025 | H2: LEP00146254
A3: 2 | B3: LEP004 | C3: 1014096 | D3: Lê Thành Hưng | E3: EHS | F3: EHS Engineer | G3: 09/06/2025 | H3: LEP00446254
A4: 3 | B4: LEP005 | D4: Tô Văn Thiện | E4: Sales | F4: Sales Manager for S.E.A. | G4: 1/7/2025 | H4: LEP00546254
A5: 4 | B5: LEP007 | C5: 1014338 | D5: Phan Thị Hải Âu | E5: Finance | F5: Accountant | G5: 14/7/2025 | H5: LEP00746254
A6: 5 | B6: LEP009 | C6: 1014359 | D6: Nguyễn Đăng Khoa | E6: Logistics | F6: Logistic Supervisor | G6: 21/7/2025 | H6: LEP00946254
A7: 6 | B7: LEP010 | D7: Trịnh Đình Tâm | E7: WH | F7: Riveting Forklift Driver | G7: 4/8/2025 | H7: LEP01046254
A8: 7 | B8: LEP011 | D8: Phạm Thanh Hiệp | E8: Logistics | F8: Customer Service Representative | G8: 4/8/2025 | H8: LEP01146254
A9: 8 | B9: LEP014 | D9: Phạm Hoàng Dinh | E9: Production | F9: Riveting Team leader | G9: 12/8/2025 | H9: LEP01446254
A10: 9 | B10: LEP018 | D10: Thạch Bạch Tra | E10: WH | F10: Warehouse Forklift Driver | G10: 18/8/2025 | H10: LEP01846254
A11: 10 | B11: LEP022 | D11: Sử Hữu Trí | E11: Production | F11: Riveting Line Operator | G11: 18/8/2025 | H11: LEP02246254
A12: 11 | B12: LEP023 | D12: Phạm Thị Ánh Hồng | E12: Logistics | F12: Customer Service Representative | G12: 20/8/2025 | H12: LEP02346254
A13: 12 | B13: LEP026 | D13: Nguyễn Bá Trinh | E13: WH | F13: WH Operator | G13: 21/8/2025 | H13: LEP02646254
A14: 13 | B14: LEP027 | D14: Nguyễn Vũ Nguyệt Anh | E14: QC | F14: QC Inspector | G14: 25/8/2025 | H14: LEP02746254
A15: 14 | B15: LEP028 | D15: Mã Hén Chiêu | E15: WH | F15: WH Staff | G15: 26/8/2025 | H15: LEP02846254
A16: 15 | B16: LEP029 | D16: Nguyễn Phương Nam | E16: WH | F16: WH Forklift Driver | G16: 26/8/2025 | H16: LEP02946254
A17: 16 | B17: LEP031 | D17: Dương Tấn Thanh | E17: WH | F17: WH Operator | G17: 29/8/2025 | H17: LEP03146254
A18: 17 | B18: LEP036 | D18: Hà Văn Sáng | E18: WH | F18: WH Forklift Driver | G18: 8/9/2025 | H18: LEP03646254
... A103: 102 | B103: LEP336 | D103: Đỗ Lê Nguyên | E103: Production | F103: Production Operator | G103: 21/07/2026 | H103: LEP33646254

Sheet Working time
I1: {=I:X} -> 0
F2: BẢNG CHẤM CÔNG THÁNG 08/ WORKING TIME TABLE AUGUST
C4: Employees under Bau Bang factory's payroll | D4: N: Làm việc ca đêm | E4: AL: Nghỉ phép năm | G4: UL: Nghỉ không lương
A5: No./ STT | B5: Employee ID / Mã nhân viên | C5: Employee ID / Mã nhân viên | D5: Name / Tên nhân viên | E5: Dept/ Bộ phận | F5: Position/ Chức vụ | G5: Start Date Ngày bắt đầu làm việc | I5: 46224 | J5: 46225 | K5: 46226 | L5: 46227 | M5: 46228 | N5: 46229 | O5: 46230 | P5: 46231 | Q5: 46232 | R5: 46233 | S5: 46234 | T5: 46235 | U5: 46236 | V5: 46237 | W5: 46238 | X5: 46239 | Y5: 46240 | Z5: 46241 | AA5: 46242 | AB5: 46243 | AC5: 46244 | AD5: 46245 | AE5: 46246 | AF5: 46247 | AG5: 46248 | AH5: 46249 | AI5: 46250 | AJ5: 46251 | AK5: 46252 | AL5: 46253 | AM5: 46254 | AN5: Total Standard WD/ Tổng số ngày công chuẩn trong tháng | AO5: Total WD / Tồng số ngày làm việc thực tế | AP5: Total AL / Tồng số ngày nghỉ phép năm | AQ5: Total UL/ Tồng số ngày nghỉ không lương | AR5: Total PH/ Tồng số ngày nghỉ lễ | AS5: Total SL/ Tồng số ngày nghỉ ốm | AT5: Total PL/ Nghỉ hưởng lương theo luật như cha mẹ mất, kết hôn | AU5: Số ngày làm việc ban đêm / Số ngày làm việc ban đêm | AV5: Early leaving going late / Đi trễ về sớm | AW5: Performance Bonus/Tiền thưởng năng suất | AX5: Performance Bonus Allowance/ Tiền chuyên cần | AY5: Hazardous Allowance/ Tiền độc hại | AZ5: Firefighting Allowance / Tiền trợ cấp PCCC | BA5: Other fees / Các chi phí khác trong tháng | BB5: Trade Union fee / Trừ tiền đoàn phí | BC5: Month/ Tháng | BD5: Year/ Năm | BE5: Remarks/ Ghi chú | BF5: Employee ID / Mã nhân viên
I6: Tue | J6: Wed | K6: Thu | L6: Fri | M6: Sat | N6: Sun | O6: Mon | P6: Tue | Q6: Wed | R6: Thu | S6: Fri | T6: Sat | U6: Sun | V6: Mon | W6: Tue | X6: Wed | Y6: Thu | Z6: Fri | AA6: Sat | AB6: Sun | AC6: Mon | AD6: Tue | AE6: Wed | AF6: Thu | AG6: Fri | AH6: Sat | AI6: Sun | AJ6: Mon | AK6: Tue | AL6: Wed | AM6: Thu
I7: T3 | J7: T4 | K7: T5 | L7: T6 | M7: T7 | N7: CN | O7: T2 | P7: T3 | Q7: T4 | R7: T5 | S7: T6 | T7: T7 | U7: CN | V7: T2 | W7: T3 | X7: T4 | Y7: T5 | Z7: T6 | AA7: T7 | AB7: CN | AC7: T2 | AD7: T3 | AE7: T4 | AF7: T5 | AG7: T6 | AH7: T7 | AI7: CN | AJ7: T2 | AK7: T3 | AL7: T4 | AM7: T5 | BF7: Tiền năng suất từ anh Khoa
A8: 1 | B8: LEP001 | C8: 1013789 | D8: Hồ Mỹ Phương | E8: Finance | F8: Finance & Accounting Manager | G8: 28/04/2025 | H8: =B8&$AM$5 -> LEP00146254 | I8: W | J8: W | K8: W | L8: W | O8: W | P8: W | Q8: W | R8: W | S8: W | V8: W | W8: W | X8: W | Y8: W | Z8: W | AC8: W | AD8: W | AE8: W | AF8: W | AG8: W | AJ8: W | AK8: W | AL8: W | AM8: W | AN8: 23 | AO8: =COUNTIF(I8:AM8,"W")+COUNTIF(I8:AM8,"W/2 AL/2")*0.5+COUNTIF(I8:AM8,"BT")+COUNTIF(I8:AM8,"N")++COUNTIF(I8:AM8,"W/2 UL/2")*0.5 -> 23 | AP8: =COUNTIF(I8:AM8,"AL")+COUNTIF(I8:AM8,"W/2 AL/2")*0.5+COUNTIF(I8:AM8,"AL/2 UL/2")*0.5 -> 0 | AQ8: =COUNTIF(I8:AM8,"UL")+COUNTIF(I8:AM8,"W/2 UL/2")*0.5+COUNTIF(I8:AM8,"AL/2 UL/2")*0.5 -> 0 | AR8: =COUNTIF(I8:AM8,"PH") -> 0 | AS8: =COUNTIF(I8:AM8,"SL") -> 0 | AT8: =COUNTIF(I8:AM8,"PL") -> 0 | BB8: -40000 | BC8: 8 | BD8: 2026 | BF8: 0
A9: 2 | B9: LEP004 | C9: 1014096 | D9: Lê Thành Hưng | E9: EHS | F9: EHS Engineer | G9: 09/06/2025 | H9: =B9&$AM$5 -> LEP00446254 | I9: W | J9: W | K9: W | L9: W | O9: W | P9: W | Q9: BT | R9: W | S9: W | V9: W | W9: W | X9: W | Y9: W | Z9: W | AC9: BT | AD9: W | AE9: W | AF9: W | AG9: W | AJ9: W | AK9: W | AL9: W | AM9: W | AN9: 23 | AO9: =COUNTIF(I9:AM9,"W")+COUNTIF(I9:AM9,"W/2 AL/2")*0.5+COUNTIF(I9:AM9,"BT")+COUNTIF(I9:AM9,"N")++COUNTIF(I9:AM9,"W/2 UL/2")*0.5 -> 23 | AP9: =COUNTIF(I9:AM9,"AL")+COUNTIF(I9:AM9,"W/2 AL/2")*0.5+COUNTIF(I9:AM9,"AL/2 UL/2")*0.5 -> 0 | AQ9: =COUNTIF(I9:AM9,"UL")+COUNTIF(I9:AM9,"W/2 UL/2")*0.5+COUNTIF(I9:AM9,"AL/2 UL/2")*0.5 -> 0 | AR9: =COUNTIF(I9:AM9,"PH") -> 0 | AS9: =COUNTIF(I9:AM9,"SL") -> 0 | AT9: =COUNTIF(I9:AM9,"PL") -> 0 | AZ9: 992000 | BB9: -40000 | BC9: 8 | BD9: 2026 | BF9: 0
A10: 3 | B10: LEP005 | D10: Tô Văn Thiện | E10: Sales | F10: Sales Manager for S.E.A. | G10: 1/7/2025 | H10: =B10&$AM$5 -> LEP00546254 | I10: W | J10: W | K10: W | L10: W | O10: W | P10: W | Q10: W | R10: W | S10: W | V10: W | W10: W | X10: W | Y10: W | Z10: W | AC10: W | AD10: W | AE10: W | AF10: W | AG10: W | AJ10: W | AK10: W | AL10: W | AM10: W | AN10: 23 | AO10: =COUNTIF(I10:AM10,"W")+COUNTIF(I10:AM10,"W/2 AL/2")*0.5+COUNTIF(I10:AM10,"BT")+COUNTIF(I10:AM10,"N")++COUNTIF(I10:AM10,"W/2 UL/2")*0.5 -> 23 | AP10: =COUNTIF(I10:AM10,"AL")+COUNTIF(I10:AM10,"W/2 AL/2")*0.5+COUNTIF(I10:AM10,"AL/2 UL/2")*0.5 -> 0 | AQ10: =COUNTIF(I10:AM10,"UL")+COUNTIF(I10:AM10,"W/2 UL/2")*0.5+COUNTIF(I10:AM10,"AL/2 UL/2")*0.5 -> 0 | AR10: =COUNTIF(I10:AM10,"PH") -> 0 | AS10: =COUNTIF(I10:AM10,"SL") -> 0 | AT10: =COUNTIF(I10:AM10,"PL") -> 0 | BB10: -40000 | BC10: 8 | BD10: 2026 | BF10: 0
A11: 4 | B11: LEP007 | C11: 1014338 | D11: Phan Thị Hải Âu | E11: Finance | F11: Accountant | G11: 14/7/2025 | H11: =B11&$AM$5 -> LEP00746254 | I11: W | J11: W | K11: W | L11: W | O11: W | P11: W | Q11: W | R11: W | S11: W | V11: W | W11: W | X11: W | Y11: W | Z11: W | AC11: W | AD11: W | AE11: W | AF11: W | AG11: W | AJ11: W | AK11: W | AL11: W | AM11: W | AN11: 23 | AO11: =COUNTIF(I11:AM11,"W")+COUNTIF(I11:AM11,"W/2 AL/2")*0.5+COUNTIF(I11:AM11,"BT")+COUNTIF(I11:AM11,"N")++COUNTIF(I11:AM11,"W/2 UL/2")*0.5 -> 23 | AP11: =COUNTIF(I11:AM11,"AL")+COUNTIF(I11:AM11,"W/2 AL/2")*0.5+COUNTIF(I11:AM11,"AL/2 UL/2")*0.5 -> 0 | AQ11: =COUNTIF(I11:AM11,"UL")+COUNTIF(I11:AM11,"W/2 UL/2")*0.5+COUNTIF(I11:AM11,"AL/2 UL/2")*0.5 -> 0 | AR11: =COUNTIF(I11:AM11,"PH") -> 0 | AS11: =COUNTIF(I11:AM11,"SL") -> 0 | AT11: =COUNTIF(I11:AM11,"PL") -> 0 | BB11: -40000 | BC11: 8 | BD11: 2026 | BF11: 0
A12: 5 | B12: LEP009 | C12: 1014359 | D12: Nguyễn Đăng Khoa | E12: Logistics | F12: Logistic Supervisor | G12: 21/7/2025 | H12: =B12&$AM$5 -> LEP00946254 | I12: W | J12: W | K12: W | L12: W | O12: W | P12: W | Q12: W | R12: W | S12: W | V12: W | W12: W | X12: W | Y12: W | Z12: AL | AC12: W | AD12: W | AE12: W | AF12: W | AG12: W | AJ12: W | AK12: W | AL12: W | AM12: W | AN12: 23 | AO12: =COUNTIF(I12:AM12,"W")+COUNTIF(I12:AM12,"W/2 AL/2")*0.5+COUNTIF(I12:AM12,"BT")+COUNTIF(I12:AM12,"N")++COUNTIF(I12:AM12,"W/2 UL/2")*0.5 -> 22 | AP12: =COUNTIF(I12:AM12,"AL")+COUNTIF(I12:AM12,"W/2 AL/2")*0.5+COUNTIF(I12:AM12,"AL/2 UL/2")*0.5 -> 1 | AQ12: =COUNTIF(I12:AM12,"UL")+COUNTIF(I12:AM12,"W/2 UL/2")*0.5+COUNTIF(I12:AM12,"AL/2 UL/2")*0.5 -> 0 | AR12: =COUNTIF(I12:AM12,"PH") -> 0 | AS12: =COUNTIF(I12:AM12,"SL") -> 0 | AT12: =COUNTIF(I12:AM12,"PL") -> 0 | BB12: -40000 | BC12: 8 | BD12: 2026 | BF12: 0
A13: 6 | B13: LEP010 | D13: Trịnh Đình Tâm | E13: WH | F13: Riveting Forklift Driver | G13: 4/8/2025 | H13: =B13&$AM$5 -> LEP01046254 | I13: W | J13: W | K13: W | L13: W | M13: W | O13: W | P13: W | Q13: W | R13: UL | S13: W | T13: W | V13: W | W13: W | X13: W | Y13: W | Z13: W | AA13: W/2 AL/2 | AC13: W | AD13: W | AE13: W | AF13: W | AG13: W | AH13: W | AJ13: W | AK13: W | AL13: UL | AM13: W | AN13: 27 | AO13: =COUNTIF(I13:AM13,"W")+COUNTIF(I13:AM13,"W/2 AL/2")*0.5+COUNTIF(I13:AM13,"BT")+COUNTIF(I13:AM13,"N")++COUNTIF(I13:AM13,"W/2 UL/2")*0.5 -> 24.5 | AP13: =COUNTIF(I13:AM13,"AL")+COUNTIF(I13:AM13,"W/2 AL/2")*0.5+COUNTIF(I13:AM13,"AL/2 UL/2")*0.5 -> 0.5 | AQ13: =COUNTIF(I13:AM13,"UL")+COUNTIF(I13:AM13,"W/2 UL/2")*0.5+COUNTIF(I13:AM13,"AL/2 UL/2")*0.5 -> 2 | AR13: =COUNTIF(I13:AM13,"PH") -> 0 | AS13: =COUNTIF(I13:AM13,"SL") -> 0 | AT13: =COUNTIF(I13:AM13,"PL") -> 0 | AW13: =(AO13+AP13)*BF13/AN13 -> 925925.93 | AX13: =500000*(1-IF(COUNTIF(J13:AM13,"UL")>=2,IF(COUNTIF(J13:AM13,"UL")>=3,1,0.5),0)) -> 250000 | BB13: -40000 | BC13: 8 | BD13: 2026 | BF13: 1000000
A14: 7 | B14: LEP011 | D14: Phạm Thanh Hiệp | E14: Logistics | F14: Customer Service Representative | G14: 4/8/2025 | H14: =B14&$AM$5 -> LEP01146254 | I14: W | J14: W | K14: W | L14: W | O14: W | P14: W | Q14: W | R14: W | S14: W | T14: 0 | V14: 0 | W14: RESIGNED | X14: 0 | Y14: 0 | Z14: 0 | AA14: 0 | AC14: 0 | AD14: 0 | AE14: 0 | AF14: 0 | AG14: 0 | AJ14: 0 | AK14: 0 | AL14: 0 | AM14: 0 | AN14: 23 | AO14: =COUNTIF(I14:AM14,"W")+COUNTIF(I14:AM14,"W/2 AL/2")*0.5+COUNTIF(I14:AM14,"BT")+COUNTIF(I14:AM14,"N")++COUNTIF(I14:AM14,"W/2 UL/2")*0.5 -> 9 | AP14: =COUNTIF(I14:AM14,"AL")+COUNTIF(I14:AM14,"W/2 AL/2")*0.5+COUNTIF(I14:AM14,"AL/2 UL/2")*0.5 -> 0 | AQ14: =COUNTIF(I14:AM14,"UL")+COUNTIF(I14:AM14,"W/2 UL/2")*0.5+COUNTIF(I14:AM14,"AL/2 UL/2")*0.5 -> 0 | AR14: =COUNTIF(I14:AM14,"PH") -> 0 | AS14: =COUNTIF(I14:AM14,"SL") -> 0 | AT14: =COUNTIF(I14:AM14,"PL") -> 0 | BB14: -40000 | BC14: 8 | BD14: 2026 | BE14: NghỈ việc do hết hợp đồng, còn dư 4 ngày phép | BF14: 0
A15: 8 | B15: LEP014 | D15: Phạm Hoàng Dinh | E15: Production | F15: Riveting Team leader | G15: 12/8/2025 | H15: =B15&$AM$5 -> LEP01446254 | I15: W | J15: W | K15: W | L15: W | M15: W | O15: W | P15: W | Q15: W | R15: W | S15: W | T15: W | V15: W | W15: W | X15: W | Y15: RESIGNED | Z15: 0 | AA15: 0 | AC15: 0 | AD15: 0 | AE15: 0 | AF15: 0 | AG15: 0 | AJ15: 0 | AK15: 0 | AL15: 0 | AM15: 0 | AN15: 27 | AO15: =COUNTIF(I15:AM15,"W")+COUNTIF(I15:AM15,"W/2 AL/2")*0.5+COUNTIF(I15:AM15,"BT")+COUNTIF(I15:AM15,"N")++COUNTIF(I15:AM15,"W/2 UL/2")*0.5 -> 14 | AP15: =COUNTIF(I15:AM15,"AL")+COUNTIF(I15:AM15,"W/2 AL/2")*0.5+COUNTIF(I15:AM15,"AL/2 UL/2")*0.5 -> 0 | AQ15: =COUNTIF(I15:AM15,"UL")+COUNTIF(I15:AM15,"W/2 UL/2")*0.5+COUNTIF(I15:AM15,"AL/2 UL/2")*0.5 -> 0 | AR15: =COUNTIF(I15:AM15,"PH") -> 0 | AS15: =COUNTIF(I15:AM15,"SL") -> 0 | AT15: =COUNTIF(I15:AM15,"PL") -> 0 | AW15: =(AO15+AP15)*BF15/AN15 -> 0 | AX15: =500000*(1-IF(COUNTIF(J15:AM15,"UL")>=2,IF(COUNTIF(J15:AM15,"UL")>=3,1,0.5),0)) -> 500000 | BB15: -40000 | BC15: 8 | BD15: 2026 | BF15: 0
A16: 9 | B16: LEP018 | D16: Thạch Bạch Tra | E16: WH | F16: Warehouse Forklift Driver | G16: 18/8/2025 | H16: =B16&$AM$5 -> LEP01846254 | I16: W | J16: W | K16: W | L16: W | M16: W | O16: W | P16: W | Q16: W | R16: W | S16: AL | T16: W | V16: W | W16: W | X16: W | Y16: W | Z16: W | AA16: W | AC16: W | AD16: W | AE16: W | AF16: W | AG16: W | AH16: W | AJ16: W | AK16: W | AL16: W | AM16: W | AN16: 27 | AO16: =COUNTIF(I16:AM16,"W")+COUNTIF(I16:AM16,"W/2 AL/2")*0.5+COUNTIF(I16:AM16,"BT")+COUNTIF(I16:AM16,"N")++COUNTIF(I16:AM16,"W/2 UL/2")*0.5 -> 26 | AP16: =COUNTIF(I16:AM16,"AL")+COUNTIF(I16:AM16,"W/2 AL/2")*0.5+COUNTIF(I16:AM16,"AL/2 UL/2")*0.5 -> 1 | AQ16: =COUNTIF(I16:AM16,"UL")+COUNTIF(I16:AM16,"W/2 UL/2")*0.5+COUNTIF(I16:AM16,"AL/2 UL/2")*0.5 -> 0 | AR16: =COUNTIF(I16:AM16,"PH") -> 0 | AS16: =COUNTIF(I16:AM16,"SL") -> 0 | AT16: =COUNTIF(I16:AM16,"PL") -> 0 | AW16: =(AO16+AP16)*BF16/AN16 -> 1000000 | AX16: =500000*(1-IF(COUNTIF(J16:AM16,"UL")>=2,IF(COUNTIF(J16:AM16,"UL")>=3,1,0.5),0)) -> 500000 | BB16: -40000 | BC16: 8 | BD16: 2026 | BF16: 1000000
A17: 10 | B17: LEP022 | D17: Sử Hữu Trí | E17: Production | F17: Riveting Line Operator | G17: 18/8/2025 | H17: =B17&$AM$5 -> LEP02246254 | I17: W | J17: W | K17: W | L17: W | M17: W | O17: W | P17: W | Q17: W | R17: W | S17: W | T17: W | V17: W | W17: W | X17: W | Y17: W | Z17: W | AA17: W | AC17: W | AD17: W | AE17: W | AF17: W | AG17: W | AH17: W | AJ17: W | AK17: W | AL17: W | AM17: W | AN17: 27 | AO17: =COUNTIF(I17:AM17,"W")+COUNTIF(I17:AM17,"W/2 AL/2")*0.5+COUNTIF(I17:AM17,"BT")+COUNTIF(I17:AM17,"N")++COUNTIF(I17:AM17,"W/2 UL/2")*0.5 -> 27 | AP17: =COUNTIF(I17:AM17,"AL")+COUNTIF(I17:AM17,"W/2 AL/2")*0.5+COUNTIF(I17:AM17,"AL/2 UL/2")*0.5 -> 0 | AQ17: =COUNTIF(I17:AM17,"UL")+COUNTIF(I17:AM17,"W/2 UL/2")*0.5+COUNTIF(I17:AM17,"AL/2 UL/2")*0.5 -> 0 | AR17: =COUNTIF(I17:AM17,"PH") -> 0 | AS17: =COUNTIF(I17:AM17,"SL") -> 0 | AT17: =COUNTIF(I17:AM17,"PL") -> 0 | AW17: =(AO17+AP17)*BF17/AN17 -> 1064259 | AX17: =500000*(1-IF(COUNTIF(J17:AM17,"UL")>=2,IF(COUNTIF(J17:AM17,"UL")>=3,1,0.5),0)) -> 500000 | BB17: -40000 | BC17: 8 | BD17: 2026 | BF17: 1064259
A18: 11 | B18: LEP023 | D18: Phạm Thị Ánh Hồng | E18: Logistics | F18: Customer Service Representative | G18: 20/8/2025 | H18: =B18&$AM$5 -> LEP02346254 | I18: W | J18: W | K18: W | L18: W | M18: 0 | O18: W | P18: W | Q18: W | R18: W | S18: W | T18: 0 | V18: W | W18: W | X18: W | Y18: W | Z18: W | AC18: W | AD18: W | AE18: W | AF18: W | AG18: W | AJ18: W | AK18: W | AL18: W | AM18: W | AN18: 23 | AO18: =COUNTIF(I18:AM18,"W")+COUNTIF(I18:AM18,"W/2 AL/2")*0.5+COUNTIF(I18:AM18,"BT")+COUNTIF(I18:AM18,"N")++COUNTIF(I18:AM18,"W/2 UL/2")*0.5 -> 23 | AP18: =COUNTIF(I18:AM18,"AL")+COUNTIF(I18:AM18,"W/2 AL/2")*0.5+COUNTIF(I18:AM18,"AL/2 UL/2")*0.5 -> 0 | AQ18: =COUNTIF(I18:AM18,"UL")+COUNTIF(I18:AM18,"W/2 UL/2")*0.5+COUNTIF(I18:AM18,"AL/2 UL/2")*0.5 -> 0 | AR18: =COUNTIF(I18:AM18,"PH") -> 0 | AS18: =COUNTIF(I18:AM18,"SL") -> 0 | AT18: =COUNTIF(I18:AM18,"PL") -> 0 | AW18: =(AO18+AP18)*BF18/AN18 -> 0 | BB18: -40000 | BC18: 8 | BD18: 2026 | BF18: 0
A19: 12 | B19: LEP026 | D19: Nguyễn Bá Trinh | E19: WH | F19: WH Operator | H19: =B19&$AM$5 -> LEP02646254 | I19: W | J19: W | K19: W | L19: W | M19: W | O19: W | P19: W | Q19: W | R19: W | S19: W | T19: W | V19: W | W19: W | X19: W | Y19: W | Z19: W | AA19: W | AC19: W | AD19: W | AE19: W | AF19: W | AG19: W | AH19: W | AJ19: W | AK19: W | AL19: W | AM19: W | AN19: 27 | AO19: =COUNTIF(I19:AM19,"W")+COUNTIF(I19:AM19,"W/2 AL/2")*0.5+COUNTIF(I19:AM19,"BT")+COUNTIF(I19:AM19,"N")++COUNTIF(I19:AM19,"W/2 UL/2")*0.5 -> 27 | AP19: =COUNTIF(I19:AM19,"AL")+COUNTIF(I19:AM19,"W/2 AL/2")*0.5+COUNTIF(I19:AM19,"AL/2 UL/2")*0.5 -> 0 | AQ19: =COUNTIF(I19:AM19,"UL")+COUNTIF(I19:AM19,"W/2 UL/2")*0.5+COUNTIF(I19:AM19,"AL/2 UL/2")*0.5 -> 0 | AR19: =COUNTIF(I19:AM19,"PH") -> 0 | AS19: =COUNTIF(I19:AM19,"SL") -> 0 | AT19: =COUNTIF(I19:AM19,"PL") -> 0 | AW19: =(AO19+AP19)*BF19/AN19 -> 1000000 | AX19: =500000*(1-IF(COUNTIF(J19:AM19,"UL")>=2,IF(COUNTIF(J19:AM19,"UL")>=3,1,0.5),0)) -> 500000 | BB19: -40000 | BC19: 8 | BD19: 2026 | BF19: 1000000
A20: 13 | B20: LEP027 | D20: Nguyễn Vũ Nguyệt Anh | E20: QC | F20: QC Inspector | G20: 25/8/2025 | H20: =B20&$AM$5 -> LEP02746254 | I20: SL | J20: SL | K20: SL | L20: SL | M20: AL | O20: W | P20: W | Q20: W | R20: W | S20: W | T20: W | V20: W | W20: W | X20: W | Y20: W | Z20: W | AA20: W | AC20: W | AD20: W | AE20: W | AF20: W | AG20: W | AH20: W | AJ20: W | AK20: W | AL20: W | AM20: W | AN20: 27 | AO20: =COUNTIF(I20:AM20,"W")+COUNTIF(I20:AM20,"W/2 AL/2")*0.5+COUNTIF(I20:AM20,"BT")+COUNTIF(I20:AM20,"N")++COUNTIF(I20:AM20,"W/2 UL/2")*0.5 -> 22 | AP20: =COUNTIF(I20:AM20,"AL")+COUNTIF(I20:AM20,"W/2 AL/2")*0.5+COUNTIF(I20:AM20,"AL/2 UL/2")*0.5 -> 1 | AQ20: =COUNTIF(I20:AM20,"UL")+COUNTIF(I20:AM20,"W/2 UL/2")*0.5+COUNTIF(I20:AM20,"AL/2 UL/2")*0.5 -> 0 | AR20: =COUNTIF(I20:AM20,"PH") -> 0 | AS20: =COUNTIF(I20:AM20,"SL") -> 4 | AT20: =COUNTIF(I20:AM20,"PL") -> 0 | AW20: =(AO20+AP20)*BF20/AN20 -> 851851.85 | AX20: 500000 | BB20: -40000 | BC20: 8 | BD20: 2026 | BF20: 1000000
A21: 14 | B21: LEP028 | D21: Mã Hén Chiêu | E21: WH | F21: WH Staff | G21: 26/8/2025 | H21: =B21&$AM$5 -> LEP02846254 | I21: W | J21: W | K21: W | L21: W | M21: W | O21: W | P21: W | Q21: W | R21: W | S21: W | T21: W | V21: UL | W21: W | X21: W | Y21: W | Z21: W | AA21: W | AC21: W | AD21: W | AE21: W | AF21: W | AG21: W | AH21: W | AJ21: W | AK21: W | AL21: W | AM21: W | AN21: 27 | AO21: =COUNTIF(I21:AM21,"W")+COUNTIF(I21:AM21,"W/2 AL/2")*0.5+COUNTIF(I21:AM21,"BT")+COUNTIF(I21:AM21,"N")++COUNTIF(I21:AM21,"W/2 UL/2")*0.5 -> 26 | AP21: =COUNTIF(I21:AM21,"AL")+COUNTIF(I21:AM21,"W/2 AL/2")*0.5+COUNTIF(I21:AM21,"AL/2 UL/2")*0.5 -> 0 | AQ21: =COUNTIF(I21:AM21,"UL")+COUNTIF(I21:AM21,"W/2 UL/2")*0.5+COUNTIF(I21:AM21,"AL/2 UL/2")*0.5 -> 1 | AR21: =COUNTIF(I21:AM21,"PH") -> 0 | AS21: =COUNTIF(I21:AM21,"SL") -> 0 | AT21: =COUNTIF(I21:AM21,"PL") -> 0 | AW21: =(AO21+AP21)*BF21/AN21 -> 962962.96 | AX21: =500000*(1-IF(COUNTIF(J21:AM21,"UL")>=2,IF(COUNTIF(J21:AM21,"UL")>=3,1,0.5),0)) -> 500000 | BB21: -40000 | BC21: 8 | BD21: 2026 | BF21: 1000000
A22: 15 | B22: LEP029 | D22: Nguyễn Phương Nam | E22: WH | F22: WH Forklift Driver | G22: 26/8/2025 | H22: =B22&$AM$5 -> LEP02946254 | I22: W | J22: W | K22: W | L22: W | M22: W | O22: W | P22: W | Q22: W | R22: W | S22: W | T22: W | V22: W | W22: W | X22: W | Y22: W | Z22: AL | AA22: W | AC22: W | AD22: W | AE22: W | AF22: UL | AG22: W | AH22: W | AJ22: W | AK22: W | AL22: W | AM22: W | AN22: 27 | AO22: =COUNTIF(I22:AM22,"W")+COUNTIF(I22:AM22,"W/2 AL/2")*0.5+COUNTIF(I22:AM22,"BT")+COUNTIF(I22:AM22,"N")++COUNTIF(I22:AM22,"W/2 UL/2")*0.5 -> 25 | AP22: =COUNTIF(I22:AM22,"AL")+COUNTIF(I22:AM22,"W/2 AL/2")*0.5+COUNTIF(I22:AM22,"AL/2 UL/2")*0.5 -> 1 | AQ22: =COUNTIF(I22:AM22,"UL")+COUNTIF(I22:AM22,"W/2 UL/2")*0.5+COUNTIF(I22:AM22,"AL/2 UL/2")*0.5 -> 1 | AR22: =COUNTIF(I22:AM22,"PH") -> 0 | AS22: =COUNTIF(I22:AM22,"SL") -> 0 | AT22: =COUNTIF(I22:AM22,"PL") -> 0 | AW22: =(AO22+AP22)*BF22/AN22 -> 962962.96 | AX22: =500000*(1-IF(COUNTIF(J22:AM22,"UL")>=2,IF(COUNTIF(J22:AM22,"UL")>=3,1,0.5),0)) -> 500000 | BB22: -40000 | BC22: 8 | BD22: 2026 | BF22: 1000000
A23: 16 | B23: LEP031 | D23: Dương Tấn Thanh | E23: WH | F23: WH Operator | G23: 29/8/2025 | H23: =B23&$AM$5 -> LEP03146254 | I23: W | J23: W | K23: W | L23: W | M23: W | O23: W | P23: W | Q23: W | R23: W | S23: W | T23: W | V23: W | W23: W | X23: W | Y23: W | Z23: W | AA23: W | AC23: W | AD23: AL | AE23: W | AF23: W | AG23: W | AH23: W | AJ23: W | AK23: W | AL23: W | AM23: W | AN23: 27 | AO23: =COUNTIF(I23:AM23,"W")+COUNTIF(I23:AM23,"W/2 AL/2")*0.5+COUNTIF(I23:AM23,"BT")+COUNTIF(I23:AM23,"N")++COUNTIF(I23:AM23,"W/2 UL/2")*0.5 -> 26 | AP23: =COUNTIF(I23:AM23,"AL")+COUNTIF(I23:AM23,"W/2 AL/2")*0.5+COUNTIF(I23:AM23,"AL/2 UL/2")*0.5 -> 1 | AQ23: =COUNTIF(I23:AM23,"UL")+COUNTIF(I23:AM23,"W/2 UL/2")*0.5+COUNTIF(I23:AM23,"AL/2 UL/2")*0.5 -> 0 | AR23: =COUNTIF(I23:AM23,"PH") -> 0 | AS23: =COUNTIF(I23:AM23,"SL") -> 0 | AT23: =COUNTIF(I23:AM23,"PL") -> 0 | AW23: =(AO23+AP23)*BF23/AN23 -> 1000000 | AX23: =500000*(1-IF(COUNTIF(J23:AM23,"UL")>=2,IF(COUNTIF(J23:AM23,"UL")>=3,1,0.5),0)) -> 500000 | BB23: -40000 | BC23: 8 | BD23: 2026 | BF23: 1000000
A24: 17 | B24: LEP036 | D24: Hà Văn Sáng | E24: WH | F24: WH Forklift Driver | G24: 45878 | H24: =B24&$AM$5 -> LEP03646254 | I24: W | J24: W | K24: W | L24: W | M24: W | O24: AL | P24: W | Q24: W | R24: W | S24: W | T24: W | V24: W | W24: W | X24: W | Y24: W | Z24: W | AA24: W | AC24: W | AD24: W | AE24: W | AF24: W | AG24: W | AH24: W | AJ24: AL | AK24: W | AL24: W | AM24: W | AN24: 27 | AO24: =COUNTIF(I24:AM24,"W")+COUNTIF(I24:AM24,"W/2 AL/2")*0.5+COUNTIF(I24:AM24,"BT")+COUNTIF(I24:AM24,"N")++COUNTIF(I24:AM24,"W/2 UL/2")*0.5 -> 25 | AP24: =COUNTIF(I24:AM24,"AL")+COUNTIF(I24:AM24,"W/2 AL/2")*0.5+COUNTIF(I24:AM24,"AL/2 UL/2")*0.5 -> 2 | AQ24: =COUNTIF(I24:AM24,"UL")+COUNTIF(I24:AM24,"W/2 UL/2")*0.5+COUNTIF(I24:AM24,"AL/2 UL/2")*0.5 -> 0 | AR24: =COUNTIF(I24:AM24,"PH") -> 0 | AS24: =COUNTIF(I24:AM24,"SL") -> 0 | AT24: =COUNTIF(I24:AM24,"PL") -> 0 | AW24: =(AO24+AP24)*BF24/AN24 -> 1000000 | AX24: =500000*(1-IF(COUNTIF(J24:AM24,"UL")>=2,IF(COUNTIF(J24:AM24,"UL")>=3,1,0.5),0)) -> 500000 | BB24: -40000 | BC24: 8 | BD24: 2026 | BF24: 1000000
A25: 18 | B25: LEP040 | D25: Dương Văn Thành | E25: Finance | F25: Branch IT Administrator | G25: 15/09/2025 | H25: =B25&$AM$5 -> LEP04046254 | I25: W | J25: W | K25: W | L25: W | O25: W | P25: W | Q25: W | R25: W | S25: AL | V25: W | W25: W | X25: W | Y25: W | Z25: W | AC25: W | AD25: W | AE25: W | AF25: W | AG25: W | AJ25: W | AK25: W | AL25: W | AM25: W | AN25: 23 | AO25: =COUNTIF(I25:AM25,"W")+COUNTIF(I25:AM25,"W/2 AL/2")*0.5+COUNTIF(I25:AM25,"BT")+COUNTIF(I25:AM25,"N")++COUNTIF(I25:AM25,"W/2 UL/2")*0.5 -> 22 | AP25: =COUNTIF(I25:AM25,"AL")+COUNTIF(I25:AM25,"W/2 AL/2")*0.5+COUNTIF(I25:AM25,"AL/2 UL/2")*0.5 -> 1 | AQ25: =COUNTIF(I25:AM25,"UL")+COUNTIF(I25:AM25,"W/2 UL/2")*0.5+COUNTIF(I25:AM25,"AL/2 UL/2")*0.5 -> 0 | AR25: =COUNTIF(I25:AM25,"PH") -> 0 | AS25: =COUNTIF(I25:AM25,"SL") -> 0 | AT25: =COUNTIF(I25:AM25,"PL") -> 0 | AW25: =(AO25+AP25)*BF25/AN25 -> 0 | BB25: -40000 | BC25: 8 | BD25: 2026 | BF25: 0
A26: 19 | B26: LEP045 | D26: Huỳnh Hoài Thương | E26: Production | F26: Riveting Line Operator | G26: 17/09/2025 | H26: =B26&$AM$5 -> LEP04546254 | I26: W | J26: W | K26: UL | L26: W | M26: W | O26: W | P26: W | Q26: W | R26: W | S26: W | T26: W | V26: W | W26: W | X26: AL | Y26: W | Z26: W | AA26: W | AC26: W | AD26: W | AE26: W | AF26: W | AG26: W | AH26: W | AJ26: UL | AK26: W | AL26: W | AM26: W | AN26: 27 | AO26: =COUNTIF(I26:AM26,"W")+COUNTIF(I26:AM26,"W/2 AL/2")*0.5+COUNTIF(I26:AM26,"BT")+COUNTIF(I26:AM26,"N")++COUNTIF(I26:AM26,"W/2 UL/2")*0.5 -> 24 | AP26: =COUNTIF(I26:AM26,"AL")+COUNTIF(I26:AM26,"W/2 AL/2")*0.5+COUNTIF(I26:AM26,"AL/2 UL/2")*0.5 -> 1 | AQ26: =COUNTIF(I26:AM26,"UL")+COUNTIF(I26:AM26,"W/2 UL/2")*0.5+COUNTIF(I26:AM26,"AL/2 UL/2")*0.5 -> 2 | AR26: =COUNTIF(I26:AM26,"PH") -> 0 | AS26: =COUNTIF(I26:AM26,"SL") -> 0 | AT26: =COUNTIF(I26:AM26,"PL") -> 0 | AW26: =(AO26+AP26)*BF26/AN26 -> 985425 | AX26: =500000*(1-IF(COUNTIF(J26:AM26,"UL")>=2,IF(COUNTIF(J26:AM26,"UL")>=3,1,0.5),0)) -> 250000 | BB26: -40000 | BC26: 8 | BD26: 2026 | BF26: 1064259
A27: 20 | B27: LEP048 | D27: Phan Phước Tài | E27: Maintenance (PRO) | F27: Mechanical Maintenance Specialist | G27: 25/09/2025 | H27: =B27&$AM$5 -> LEP04846254 | I27: W/2 AL/2 | J27: AL | K27: W | L27: W | M27: W | O27: W | P27: W | Q27: W | R27: W | S27: W | T27: W | V27: W | W27: W | X27: W | Y27: W | Z27: W | AA27: W | AC27: W | AD27: W | AE27: W | AF27: W | AG27: W | AH27: W | AJ27: W | AK27: W | AL27: W | AM27: W | AN27: 27 | AO27: =COUNTIF(I27:AM27,"W")+COUNTIF(I27:AM27,"W/2 AL/2")*0.5+COUNTIF(I27:AM27,"BT")+COUNTIF(I27:AM27,"N")++COUNTIF(I27:AM27,"W/2 UL/2")*0.5 -> 25.5 | AP27: =COUNTIF(I27:AM27,"AL")+COUNTIF(I27:AM27,"W/2 AL/2")*0.5+COUNTIF(I27:AM27,"AL/2 UL/2")*0.5 -> 1.5 | AQ27: =COUNTIF(I27:AM27,"UL")+COUNTIF(I27:AM27,"W/2 UL/2")*0.5+COUNTIF(I27:AM27,"AL/2 UL/2")*0.5 -> 0 | AR27: =COUNTIF(I27:AM27,"PH") -> 0 | AS27: =COUNTIF(I27:AM27,"SL") -> 0 | AT27: =COUNTIF(I27:AM27,"PL") -> 0 | AW27: =(AO27+AP27)*BF27/AN27 -> 1000000 | AX27: 500000 | AZ27: 992000 | BB27: -40000 | BC27: 8 | BD27: 2026 | BF27: 1000000
A28: 21 | B28: LEP049 | D28: Ngô Viết Đức | E28: Maintenance (PRO) | F28: Electrical Maintenance Specialist | G28: 25/09/2025 | H28: =B28&$AM$5 -> LEP04946254 | I28: W | J28: W | K28: W | L28: W | M28: W | O28: W | P28: W | Q28: W | R28: W | S28: W | T28: W | V28: W | W28: W | X28: W | Y28: W | Z28: W | AA28: W | AC28: W | AD28: W | AE28: W | AF28: W | AG28: W | AH28: W | AJ28: W | AK28: W | AL28: W | AM28: W | AN28: 27 | AO28: =COUNTIF(I28:AM28,"W")+COUNTIF(I28:AM28,"W/2 AL/2")*0.5+COUNTIF(I28:AM28,"BT")+COUNTIF(I28:AM28,"N")++COUNTIF(I28:AM28,"W/2 UL/2")*0.5 -> 27 | AP28: =COUNTIF(I28:AM28,"AL")+COUNTIF(I28:AM28,"W/2 AL/2")*0.5+COUNTIF(I28:AM28,"AL/2 UL/2")*0.5 -> 0 | AQ28: =COUNTIF(I28:AM28,"UL")+COUNTIF(I28:AM28,"W/2 UL/2")*0.5+COUNTIF(I28:AM28,"AL/2 UL/2")*0.5 -> 0 | AR28: =COUNTIF(I28:AM28,"PH") -> 0 | AS28: =COUNTIF(I28:AM28,"SL") -> 0 | AT28: =COUNTIF(I28:AM28,"PL") -> 0 | AW28: =(AO28+AP28)*BF28/AN28 -> 1000000 | AX28: 500000 | BB28: -40000 | BC28: 8 | BD28: 2026 | BF28: 1000000
A29: 22 | B29: LEP052 | D29: Nguyễn Nam Bình | E29: Production | F29: Riveting Line Operator | G29: 30/09/2025 | H29: =B29&$AM$5 -> LEP05246254 | I29: W | J29: W | K29: W | L29: W | M29: W | O29: W | P29: W | Q29: W | R29: W | S29: W | T29: W | V29: W | W29: W | X29: W | Y29: W | Z29: W | AA29: W | AC29: W | AD29: W | AE29: W | AF29: W | AG29: W | AH29: W | AJ29: W | AK29: W | AL29: W | AM29: W | AN29: 27 | AO29: =COUNTIF(I29:AM29,"W")+COUNTIF(I29:AM29,"W/2 AL/2")*0.5+COUNTIF(I29:AM29,"BT")+COUNTIF(I29:AM29,"N")++COUNTIF(I29:AM29,"W/2 UL/2")*0.5 -> 27 | AP29: =COUNTIF(I29:AM29,"AL")+COUNTIF(I29:AM29,"W/2 AL/2")*0.5+COUNTIF(I29:AM29,"AL/2 UL/2")*0.5 -> 0 | AQ29: =COUNTIF(I29:AM29,"UL")+COUNTIF(I29:AM29,"W/2 UL/2")*0.5+COUNTIF(I29:AM29,"AL/2 UL/2")*0.5 -> 0 | AR29: =COUNTIF(I29:AM29,"PH") -> 0 | AS29: =COUNTIF(I29:AM29,"SL") -> 0 | AT29: =COUNTIF(I29:AM29,"PL") -> 0 | AW29: =(AO29+AP29)*BF29/AN29 -> 1064259 | AX29: =500000*(1-IF(COUNTIF(J29:AM29,"UL")>=2,IF(COUNTIF(J29:AM29,"UL")>=3,1,0.5),0)) -> 500000 | BB29: -40000 | BC29: 8 | BD29: 2026 | BF29: 1064259
A30: 23 | B30: LEP054 | D30: Cao Ngọc Linh | E30: Maintenance (PRO) | F30: Environmental Protection Equipment | G30: 01/10/2025 | H30: =B30&$AM$5 -> LEP05446254 | I30: W | J30: W | K30: W | L30: W | M30: W | O30: W | P30: W | Q30: W | R30: W | S30: W | T30: W | V30: W | W30: W | X30: W | Y30: W | Z30: W | AA30: W | AC30: W | AD30: AL | AE30: W | AF30: W | AG30: W | AH30: W | AJ30: W | AK30: W | AL30: W | AM30: W | AN30: 27 | AO30: =COUNTIF(I30:AM30,"W")+COUNTIF(I30:AM30,"W/2 AL/2")*0.5+COUNTIF(I30:AM30,"BT")+COUNTIF(I30:AM30,"N")++COUNTIF(I30:AM30,"W/2 UL/2")*0.5 -> 26 | AP30: =COUNTIF(I30:AM30,"AL")+COUNTIF(I30:AM30,"W/2 AL/2")*0.5+COUNTIF(I30:AM30,"AL/2 UL/2")*0.5 -> 1 | AQ30: =COUNTIF(I30:AM30,"UL")+COUNTIF(I30:AM30,"W/2 UL/2")*0.5+COUNTIF(I30:AM30,"AL/2 UL/2")*0.5 -> 0 | AR30: =COUNTIF(I30:AM30,"PH") -> 0 | AS30: =COUNTIF(I30:AM30,"SL") -> 0 | AT30: =COUNTIF(I30:AM30,"PL") -> 0 | AW30: =(AO30+AP30)*BF30/AN30 -> 1000000 | AX30: 500000 | AY30: =13000*AO30 -> 338000 | AZ30: 992000 | BB30: -40000 | BC30: 8 | BD30: 2026 | BF30: 1000000
A31: 24 | B31: LEP056 | D31: Đỗ Thế Tài | E31: Production | F31: Painting Line Operator | G31: 02/10/2025 | H31: =B31&$AM$5 -> LEP05646254 | I31: W | J31: W | K31: W | L31: W | M31: W | O31: W | P31: W | Q31: W | R31: W | S31: W | T31: W | V31: W | W31: W | X31: W | Y31: W | Z31: W | AA31: W | AC31: W | AD31: W | AE31: W | AF31: UL | AG31: UL | AH31: W | AJ31: W | AK31: W | AL31: W | AM31: W | AN31: 27 | AO31: =COUNTIF(I31:AM31,"W")+COUNTIF(I31:AM31,"W/2 AL/2")*0.5+COUNTIF(I31:AM31,"BT")+COUNTIF(I31:AM31,"N")++COUNTIF(I31:AM31,"W/2 UL/2")*0.5 -> 25 | AP31: =COUNTIF(I31:AM31,"AL")+COUNTIF(I31:AM31,"W/2 AL/2")*0.5+COUNTIF(I31:AM31,"AL/2 UL/2")*0.5 -> 0 | AQ31: =COUNTIF(I31:AM31,"UL")+COUNTIF(I31:AM31,"W/2 UL/2")*0.5+COUNTIF(I31:AM31,"AL/2 UL/2")*0.5 -> 2 | AR31: =COUNTIF(I31:AM31,"PH") -> 0 | AS31: =COUNTIF(I31:AM31,"SL") -> 0 | AT31: =COUNTIF(I31:AM31,"PL") -> 0 | AW31: =(AO31+AP31)*BF31/AN31 -> 925925.93 | AX31: =500000*(1-IF(COUNTIF(J31:AM31,"UL")>=2,IF(COUNTIF(J31:AM31,"UL")>=3,1,0.5),0)) -> 250000 | AY31: =13000*AO31 -> 325000 | BB31: -40000 | BC31: 8 | BD31: 2026 | BF31: 1000000
A32: 25 | B32: LEP057 | D32: Lâm Thanh Hiếu | E32: Production | F32: Painting Line Operator | G32: 02/10/2025 | H32: =B32&$AM$5 -> LEP05746254 | I32: W | J32: W | K32: W | L32: W | M32: W | O32: AL | P32: AL | Q32: AL | R32: W | S32: W | T32: W | V32: W | W32: W | X32: W | Y32: W | Z32: W | AA32: W | AC32: W | AD32: UL | AE32: W | AF32: W | AG32: W | AH32: W | AJ32: W | AK32: W | AL32: W | AM32: W | AN32: 27 | AO32: =COUNTIF(I32:AM32,"W")+COUNTIF(I32:AM32,"W/2 AL/2")*0.5+COUNTIF(I32:AM32,"BT")+COUNTIF(I32:AM32,"N")++COUNTIF(I32:AM32,"W/2 UL/2")*0.5 -> 23 | AP32: =COUNTIF(I32:AM32,"AL")+COUNTIF(I32:AM32,"W/2 AL/2")*0.5+COUNTIF(I32:AM32,"AL/2 UL/2")*0.5 -> 3 | AQ32: =COUNTIF(I32:AM32,"UL")+COUNTIF(I32:AM32,"W/2 UL/2")*0.5+COUNTIF(I32:AM32,"AL/2 UL/2")*0.5 -> 1 | AR32: =COUNTIF(I32:AM32,"PH") -> 0 | AS32: =COUNTIF(I32:AM32,"SL") -> 0 | AT32: =COUNTIF(I32:AM32,"PL") -> 0 | AW32: =(AO32+AP32)*BF32/AN32 -> 962962.96 | AX32: =500000*(1-IF(COUNTIF(J32:AM32,"UL")>=2,IF(COUNTIF(J32:AM32,"UL")>=3,1,0.5),0)) -> 500000 | AY32: =13000*AO32 -> 299000 | BB32: -40000 | BC32: 8 | BD32: 2026 | BF32: 1000000
A33: 26 | B33: LEP062 | D33: Dương Trung Toàn | E33: Production | F33: Riveting Line Operator | G33: 04/10/2025 | H33: =B33&$AM$5 -> LEP06246254 | I33: W | J33: W | K33: W/2 UL/2 | L33: UL | M33: UL | O33: W | P33: W | Q33: W | R33: W | S33: W | T33: W | V33: W | W33: W | X33: W | Y33: W | Z33: W | AA33: W | AC33: W | AD33: W | AE33: W | AF33: W | AG33: W | AH33: W | AJ33: W | AK33: W | AL33: W | AM33: W | AN33: 27 | AO33: =COUNTIF(I33:AM33,"W")+COUNTIF(I33:AM33,"W/2 AL/2")*0.5+COUNTIF(I33:AM33,"BT")+COUNTIF(I33:AM33,"N")++COUNTIF(I33:AM33,"W/2 UL/2")*0.5 -> 24.5 | AP33: =COUNTIF(I33:AM33,"AL")+COUNTIF(I33:AM33,"W/2 AL/2")*0.5+COUNTIF(I33:AM33,"AL/2 UL/2")*0.5 -> 0 | AQ33: =COUNTIF(I33:AM33,"UL")+COUNTIF(I33:AM33,"W/2 UL/2")*0.5+COUNTIF(I33:AM33,"AL/2 UL/2")*0.5 -> 2.5 | AR33: =COUNTIF(I33:AM33,"PH") -> 0 | AS33: =COUNTIF(I33:AM33,"SL") -> 0 | AT33: =COUNTIF(I33:AM33,"PL") -> 0 | AW33: =(AO33+AP33)*BF33/AN33 -> 965716.5 | AX33: =500000*(1-IF(COUNTIF(J33:AM33,"UL")>=2,IF(COUNTIF(J33:AM33,"UL")>=3,1,0.5),0)) -> 250000 | BB33: -40000 | BC33: 8 | BD33: 2026 | BF33: 1064259
A34: 27 | B34: LEP066A | D34: Quách Tam Xuân | E34: Production | F34: Riveting Line Operator | G34: 21/07/2026 | H34: =B34&$AM$5 -> LEP066A46254 | I34: W | J34: W | K34: W | L34: W | M34: W | O34: W | P34: W | Q34: W | R34: W | S34: W | T34: W | V34: W | W34: W | X34: W | Y34: W | Z34: W | AA34: W | AC34: W | AD34: UL | AE34: W | AF34: W | AG34: W | AH34: W | AJ34: UL | AK34: W | AL34: W | AM34: W | AN34: 27 | AO34: =COUNTIF(I34:AM34,"W")+COUNTIF(I34:AM34,"W/2 AL/2")*0.5+COUNTIF(I34:AM34,"BT")+COUNTIF(I34:AM34,"N")++COUNTIF(I34:AM34,"W/2 UL/2")*0.5 -> 25 | AP34: =COUNTIF(I34:AM34,"AL")+COUNTIF(I34:AM34,"W/2 AL/2")*0.5+COUNTIF(I34:AM34,"AL/2 UL/2")*0.5 -> 0 | AQ34: =COUNTIF(I34:AM34,"UL")+COUNTIF(I34:AM34,"W/2 UL/2")*0.5+COUNTIF(I34:AM34,"AL/2 UL/2")*0.5 -> 2 | AR34: =COUNTIF(I34:AM34,"PH") -> 0 | AS34: =COUNTIF(I34:AM34,"SL") -> 0 | AT34: =COUNTIF(I34:AM34,"PL") -> 0 | AW34: =(AO34+AP34)*BF34/AN34 -> 985425 | AX34: =500000*(1-IF(COUNTIF(J34:AM34,"UL")>=2,IF(COUNTIF(J34:AM34,"UL")>=3,1,0.5),0)) -> 250000 | BB34: -40000 | BC34: 8 | BD34: 2026 | BE34: Tăng mới tháng 8 | BF34: 1064259
A35: 28 | B35: LEP067 | D35: H Nguel Kbuor | E35: Production | F35: Painting Line Operator | G35: 07/10/2025 | H35: =B35&$AM$5 -> LEP06746254 | I35: W | J35: W | K35: W | L35: W | M35: W | O35: W | P35: W | Q35: W | R35: W | S35: W | T35: W | V35: W | W35: 0 | X35: 0 | Y35: 0 | Z35: 0 | AA35: 0 | AC35: 0 | AD35: 0 | AE35: 0 | AG35: 0 | AJ35: 0 | AK35: 0 | AL35: 0 | AM35: 0 | AN35: 27 | AO35: =COUNTIF(I35:AM35,"W")+COUNTIF(I35:AM35,"W/2 AL/2")*0.5+COUNTIF(I35:AM35,"BT")+COUNTIF(I35:AM35,"N")++COUNTIF(I35:AM35,"W/2 UL/2")*0.5 -> 12 | AP35: =COUNTIF(I35:AM35,"AL")+COUNTIF(I35:AM35,"W/2 AL/2")*0.5+COUNTIF(I35:AM35,"AL/2 UL/2")*0.5 -> 0 | AQ35: =COUNTIF(I35:AM35,"UL")+COUNTIF(I35:AM35,"W/2 UL/2")*0.5+COUNTIF(I35:AM35,"AL/2 UL/2")*0.5 -> 0 | AR35: =COUNTIF(I35:AM35,"PH") -> 0 | AS35: =COUNTIF(I35:AM35,"SL") -> 0 | AT35: =COUNTIF(I35:AM35,"PL") -> 0 | AW35: =(AO35+AP35)*BF35/AN35 -> 0 | AX35: =500000*(1-IF(COUNTIF(J35:AM35,"UL")>=2,IF(COUNTIF(J35:AM35,"UL")>=3,1,0.5),0)) -> 500000 | BB35: -40000 | BC35: 8 | BD35: 2026 | BF35: 0
A36: 29 | B36: LEP068 | D36: Y in Zơ Kbuor | E36: Production | F36: Riveting Line Operator | G36: 07/10/2025 | H36: =B36&$AM$5 -> LEP06846254 | I36: W | J36: W | K36: W | L36: W | M36: W | O36: W | P36: W | Q36: W | R36: W | S36: W | T36: W | V36: W | W36: W | X36: W | Y36: W | Z36: W | AA36: W | AC36: W | AD36: W | AE36: W | AF36: W | AG36: W | AH36: W | AJ36: W | AK36: W | AL36: W | AM36: W | AN36: 27 | AO36: =COUNTIF(I36:AM36,"W")+COUNTIF(I36:AM36,"W/2 AL/2")*0.5+COUNTIF(I36:AM36,"BT")+COUNTIF(I36:AM36,"N")++COUNTIF(I36:AM36,"W/2 UL/2")*0.5 -> 27 | AP36: =COUNTIF(I36:AM36,"AL")+COUNTIF(I36:AM36,"W/2 AL/2")*0.5+COUNTIF(I36:AM36,"AL/2 UL/2")*0.5 -> 0 | AQ36: =COUNTIF(I36:AM36,"UL")+COUNTIF(I36:AM36,"W/2 UL/2")*0.5+COUNTIF(I36:AM36,"AL/2 UL/2")*0.5 -> 0 | AR36: =COUNTIF(I36:AM36,"PH") -> 0 | AS36: =COUNTIF(I36:AM36,"SL") -> 0 | AT36: =COUNTIF(I36:AM36,"PL") -> 0 | AW36: =(AO36+AP36)*BF36/AN36 -> 1064259 | AX36: =500000*(1-IF(COUNTIF(J36:AM36,"UL")>=2,IF(COUNTIF(J36:AM36,"UL")>=3,1,0.5),0)) -> 500000 | BB36: -40000 | BC36: 8 | BD36: 2026 | BF36: 1064259
A37: 30 | B37: LEP069 | D37: Siu Nhoát | E37: Production | F37: Riveting Line Operator | G37: 07/10/2025 | H37: =B37&$AM$5 -> LEP06946254 | I37: W | J37: W | K37: W | L37: W | M37: W | O37: SL | P37: SL | Q37: W | R37: W | S37: W | T37: W | V37: W | W37: 0 | X37: 0 | Y37: 0 | Z37: 0 | AA37: 0 | AC37: 0 | AD37: 0 | AE37: 0 | AG37: 0 | AJ37: 0 | AK37: 0 | AL37: 0 | AM37: 0 | AN37: 27 | AO37: =COUNTIF(I37:AM37,"W")+COUNTIF(I37:AM37,"W/2 AL/2")*0.5+COUNTIF(I37:AM37,"BT")+COUNTIF(I37:AM37,"N")++COUNTIF(I37:AM37,"W/2 UL/2")*0.5 -> 10 | AP37: =COUNTIF(I37:AM37,"AL")+COUNTIF(I37:AM37,"W/2 AL/2")*0.5+COUNTIF(I37:AM37,"AL/2 UL/2")*0.5 -> 0 | AQ37: =COUNTIF(I37:AM37,"UL")+COUNTIF(I37:AM37,"W/2 UL/2")*0.5+COUNTIF(I37:AM37,"AL/2 UL/2")*0.5 -> 0 | AR37: =COUNTIF(I37:AM37,"PH") -> 0 | AS37: =COUNTIF(I37:AM37,"SL") -> 2 | AT37: =COUNTIF(I37:AM37,"PL") -> 0 | AW37: =(AO37+AP37)*BF37/AN37 -> 0 | AX37: =500000*(1-IF(COUNTIF(J37:AM37,"UL")>=2,IF(COUNTIF(J37:AM37,"UL")>=3,1,0.5),0)) -> 500000 | BB37: -40000 | BC37: 8 | BD37: 2026 | BF37: 0
A38: 31 | B38: LEP073 | D38: Y Sion Kbuor | E38: Production | F38: Riveting Line Operator | G38: 13/10/2025 | H38: =B38&$AM$5 -> LEP07346254 | I38: W | J38: W | K38: W | L38: W | M38: W | O38: W | P38: W | Q38: W | R38: W | S38: W | T38: W | V38: W | W38: W | X38: W | Y38: W | Z38: W | AA38: W | AC38: W | AD38: W | AE38: W | AF38: W | AG38: W | AH38: W | AJ38: W | AK38: W | AL38: W | AM38: W | AN38: 27 | AO38: =COUNTIF(I38:AM38,"W")+COUNTIF(I38:AM38,"W/2 AL/2")*0.5+COUNTIF(I38:AM38,"BT")+COUNTIF(I38:AM38,"N")++COUNTIF(I38:AM38,"W/2 UL/2")*0.5 -> 27 | AP38: =COUNTIF(I38:AM38,"AL")+COUNTIF(I38:AM38,"W/2 AL/2")*0.5+COUNTIF(I38:AM38,"AL/2 UL/2")*0.5 -> 0 | AQ38: =COUNTIF(I38:AM38,"UL")+COUNTIF(I38:AM38,"W/2 UL/2")*0.5+COUNTIF(I38:AM38,"AL/2 UL/2")*0.5 -> 0 | AR38: =COUNTIF(I38:AM38,"PH") -> 0 | AS38: =COUNTIF(I38:AM38,"SL") -> 0 | AT38: =COUNTIF(I38:AM38,"PL") -> 0 | AW38: =(AO38+AP38)*BF38/AN38 -> 1064259 | AX38: =500000*(1-IF(COUNTIF(J38:AM38,"UL")>=2,IF(COUNTIF(J38:AM38,"UL")>=3,1,0.5),0)) -> 500000 | BB38: -40000 | BC38: 8 | BD38: 2026 | BF38: 1064259
A39: 32 | B39: LEP075 | D39: Trần Văn Trọn | E39: Production | F39: Riveting Line Operator | G39: 15/10/2025 | H39: =B39&$AM$5 -> LEP07546254 | I39: W | J39: W | K39: W | L39: W | M39: W | O39: W | P39: W | Q39: W | R39: W | S39: W | T39: W | V39: W | W39: W | X39: W | Y39: W | Z39: AL | AA39: W | AC39: W | AD39: W | AE39: W | AF39: W | AG39: W | AH39: W | AJ39: W | AK39: W | AL39: W | AM39: W | AN39: 27 | AO39: =COUNTIF(I39:AM39,"W")+COUNTIF(I39:AM39,"W/2 AL/2")*0.5+COUNTIF(I39:AM39,"BT")+COUNTIF(I39:AM39,"N")++COUNTIF(I39:AM39,"W/2 UL/2")*0.5 -> 26 | AP39: =COUNTIF(I39:AM39,"AL")+COUNTIF(I39:AM39,"W/2 AL/2")*0.5+COUNTIF(I39:AM39,"AL/2 UL/2")*0.5 -> 1 | AQ39: =COUNTIF(I39:AM39,"UL")+COUNTIF(I39:AM39,"W/2 UL/2")*0.5+COUNTIF(I39:AM39,"AL/2 UL/2")*0.5 -> 0 | AR39: =COUNTIF(I39:AM39,"PH") -> 0 | AS39: =COUNTIF(I39:AM39,"SL") -> 0 | AT39: =COUNTIF(I39:AM39,"PL") -> 0 | AW39: =(AO39+AP39)*BF39/AN39 -> 1043449 | AX39: =500000*(1-IF(COUNTIF(J39:AM39,"UL")>=2,IF(COUNTIF(J39:AM39,"UL")>=3,1,0.5),0)) -> 500000 | BB39: -40000 | BC39: 8 | BD39: 2026 | BF39: 1043449
A40: 33 | B40: LEP080 | D40: Phạm Hùng Cường | E40: Production | F40: Riveting Line Operator | G40: 17/10/2025 | H40: =B40&$AM$5 -> LEP08046254 | I40: W | J40: W | K40: W | L40: W | M40: W | O40: AL | P40: W | Q40: W | R40: W | S40: W | T40: W | V40: W | W40: W | X40: W | Y40: UL | Z40: W | AA40: W | AC40: W | AD40: W | AE40: W | AF40: W | AG40: W | AH40: W | AJ40: W | AK40: W | AL40: W | AM40: W | AN40: 27 | AO40: =COUNTIF(I40:AM40,"W")+COUNTIF(I40:AM40,"W/2 AL/2")*0.5+COUNTIF(I40:AM40,"BT")+COUNTIF(I40:AM40,"N")++COUNTIF(I40:AM40,"W/2 UL/2")*0.5 -> 25 | AP40: =COUNTIF(I40:AM40,"AL")+COUNTIF(I40:AM40,"W/2 AL/2")*0.5+COUNTIF(I40:AM40,"AL/2 UL/2")*0.5 -> 1 | AQ40: =COUNTIF(I40:AM40,"UL")+COUNTIF(I40:AM40,"W/2 UL/2")*0.5+COUNTIF(I40:AM40,"AL/2 UL/2")*0.5 -> 1 | AR40: =COUNTIF(I40:AM40,"PH") -> 0 | AS40: =COUNTIF(I40:AM40,"SL") -> 0 | AT40: =COUNTIF(I40:AM40,"PL") -> 0 | AW40: =(AO40+AP40)*BF40/AN40 -> 1004802.7 | AX40: =500000*(1-IF(COUNTIF(J40:AM40,"UL")>=2,IF(COUNTIF(J40:AM40,"UL")>=3,1,0.5),0)) -> 500000 | BB40: -40000 | BC40: 8 | BD40: 2026 | BF40: 1043449
A41: 34 | B41: LEP091 | D41: Trần Văn Lựa | E41: Production | F41: Riveting Line Operator | G41: 22/10/2025 | H41: =B41&$AM$5 -> LEP09146254 | I41: W | J41: W | K41: W | L41: W | M41: W | O41: W | P41: W | Q41: W | R41: W | S41: W | T41: W | V41: W | W41: W | X41: W | Y41: W | Z41: W | AA41: W | AC41: W | AD41: W | AE41: W | AF41: W | AG41: W | AH41: W | AJ41: W | AK41: W | AL41: W | AM41: W | AN41: 27 | AO41: =COUNTIF(I41:AM41,"W")+COUNTIF(I41:AM41,"W/2 AL/2")*0.5+COUNTIF(I41:AM41,"BT")+COUNTIF(I41:AM41,"N")++COUNTIF(I41:AM41,"W/2 UL/2")*0.5 -> 27 | AP41: =COUNTIF(I41:AM41,"AL")+COUNTIF(I41:AM41,"W/2 AL/2")*0.5+COUNTIF(I41:AM41,"AL/2 UL/2")*0.5 -> 0 | AQ41: =COUNTIF(I41:AM41,"UL")+COUNTIF(I41:AM41,"W/2 UL/2")*0.5+COUNTIF(I41:AM41,"AL/2 UL/2")*0.5 -> 0 | AR41: =COUNTIF(I41:AM41,"PH") -> 0 | AS41: =COUNTIF(I41:AM41,"SL") -> 0 | AT41: =COUNTIF(I41:AM41,"PL") -> 0 | AW41: =(AO41+AP41)*BF41/AN41 -> 1064259 | AX41: =500000*(1-IF(COUNTIF(J41:AM41,"UL")>=2,IF(COUNTIF(J41:AM41,"UL")>=3,1,0.5),0)) -> 500000 | BB41: -40000 | BC41: 8 | BD41: 2026 | BF41: 1064259
A42: 35 | B42: LEP100A | D42: Trần Nhơn Ái | E42: Production | F42: Production Operator | G42: 09/07/2026 | H42: =B42&$AM$5 -> LEP100A46254 | I42: W | J42: W | K42: W | L42: W | M42: W | O42: W | P42: W | Q42: W | R42: W | S42: W | T42: W | V42: W | W42: AL | X42: UL | Y42: W | Z42: W | AA42: W | AC42: W | AD42: W | AE42: AL | AF42: W | AG42: W | AH42: W | AJ42: W | AK42: W | AL42: W | AM42: UL | AN42: 27 | AO42: =COUNTIF(I42:AM42,"W")+COUNTIF(I42:AM42,"W/2 AL/2")*0.5+COUNTIF(I42:AM42,"BT")+COUNTIF(I42:AM42,"N")++COUNTIF(I42:AM42,"W/2 UL/2")*0.5 -> 23 | AP42: =COUNTIF(I42:AM42,"AL")+COUNTIF(I42:AM42,"W/2 AL/2")*0.5+COUNTIF(I42:AM42,"AL/2 UL/2")*0.5 -> 2 | AQ42: =COUNTIF(I42:AM42,"UL")+COUNTIF(I42:AM42,"W/2 UL/2")*0.5+COUNTIF(I42:AM42,"AL/2 UL/2")*0.5 -> 2 | AR42: =COUNTIF(I42:AM42,"PH") -> 0 | AS42: =COUNTIF(I42:AM42,"SL") -> 0 | AT42: =COUNTIF(I42:AM42,"PL") -> 0 | AW42: =(AO42+AP42)*BF42/AN42 -> 966156.48 | AX42: =500000*(1-IF(COUNTIF(J42:AM42,"UL")>=2,IF(COUNTIF(J42:AM42,"UL")>=3,1,0.5),0)) -> 250000 | BB42: -40000 | BC42: 8 | BD42: 2026 | BE42: Tăng mới tháng 7 | BF42: 1043449
A43: 36 | B43: LEP103A | D43: Đặng Văn Trọng | E43: Production | F43: Riveting Line Operator | G43: 23/07/2026 | H43: =B43&$AM$5 -> LEP103A46254 | I43: W | J43: W | K43: W | L43: W | M43: W | O43: W | P43: W | Q43: W | R43: W | S43: W | T43: W | V43: W | W43: UL | X43: UL | Y43: W | Z43: W | AA43: W | AC43: W | AD43: W | AE43: W | AF43: W | AG43: W | AH43: W | AJ43: W | AK43: W | AL43: W | AM43: W | AN43: 27 | AO43: =COUNTIF(I43:AM43,"W")+COUNTIF(I43:AM43,"W/2 AL/2")*0.5+COUNTIF(I43:AM43,"BT")+COUNTIF(I43:AM43,"N")++COUNTIF(I43:AM43,"W/2 UL/2")*0.5 -> 25 | AP43: =COUNTIF(I43:AM43,"AL")+COUNTIF(I43:AM43,"W/2 AL/2")*0.5+COUNTIF(I43:AM43,"AL/2 UL/2")*0.5 -> 0 | AQ43: =COUNTIF(I43:AM43,"UL")+COUNTIF(I43:AM43,"W/2 UL/2")*0.5+COUNTIF(I43:AM43,"AL/2 UL/2")*0.5 -> 2 | AR43: =COUNTIF(I43:AM43,"PH") -> 0 | AS43: =COUNTIF(I43:AM43,"SL") -> 0 | AT43: =COUNTIF(I43:AM43,"PL") -> 0 | AW43: =(AO43+AP43)*BF43/AN43 -> 985425 | AX43: =500000*(1-IF(COUNTIF(J43:AM43,"UL")>=2,IF(COUNTIF(J43:AM43,"UL")>=3,1,0.5),0)) -> 250000 | BB43: -40000 | BC43: 8 | BD43: 2026 | BE43: Tăng mới tháng 8 | BF43: 1064259
A44: 37 | B44: LEP104 | D44: Nguyễn Quang Linh | E44: Production | F44: Riveting Line Operator | G44: 29/10/2025 | H44: =B44&$AM$5 -> LEP10446254 | I44: W | J44: W | K44: W | L44: W | M44: UL | O44: W | P44: W | Q44: W | R44: AL | S44: W | T44: W | V44: W | W44: UL | X44: W | Y44: W | Z44: W | AA44: W | AC44: W | AD44: W | AE44: W | AF44: W | AG44: W | AH44: W | AJ44: W | AK44: W | AL44: W | AM44: W | AN44: 27 | AO44: =COUNTIF(I44:AM44,"W")+COUNTIF(I44:AM44,"W/2 AL/2")*0.5+COUNTIF(I44:AM44,"BT")+COUNTIF(I44:AM44,"N")++COUNTIF(I44:AM44,"W/2 UL/2")*0.5 -> 24 | AP44: =COUNTIF(I44:AM44,"AL")+COUNTIF(I44:AM44,"W/2 AL/2")*0.5+COUNTIF(I44:AM44,"AL/2 UL/2")*0.5 -> 1 | AQ44: =COUNTIF(I44:AM44,"UL")+COUNTIF(I44:AM44,"W/2 UL/2")*0.5+COUNTIF(I44:AM44,"AL/2 UL/2")*0.5 -> 2 | AR44: =COUNTIF(I44:AM44,"PH") -> 0 | AS44: =COUNTIF(I44:AM44,"SL") -> 0 | AT44: =COUNTIF(I44:AM44,"PL") -> 0 | AW44: =(AO44+AP44)*BF44/AN44 -> 966156.48 | AX44: =500000*(1-IF(COUNTIF(J44:AM44,"UL")>=2,IF(COUNTIF(J44:AM44,"UL")>=3,1,0.5),0)) -> 250000 | BB44: -40000 | BC44: 8 | BD44: 2026 | BF44: 1043449
A45: 38 | B45: LEP109 | D45: Nguyễn Hữu Đức | E45: Production | F45: Riveting Line Operator | G45: 07/11/2025 | H45: =B45&$AM$5 -> LEP10946254 | I45: W | J45: W | K45: AL | L45: W | M45: W | O45: W | P45: W | Q45: UL | R45: UL | S45: W | T45: W | V45: W | W45: W | X45: W | Y45: UL | Z45: UL | AA45: W | AC45: W | AD45: W | AE45: W | AF45: W | AG45: W | AH45: W | AJ45: UL | AK45: UL | AL45: W | AM45: W | AN45: 27 | AO45: =COUNTIF(I45:AM45,"W")+COUNTIF(I45:AM45,"W/2 AL/2")*0.5+COUNTIF(I45:AM45,"BT")+COUNTIF(I45:AM45,"N")++COUNTIF(I45:AM45,"W/2 UL/2")*0.5 -> 20 | AP45: =COUNTIF(I45:AM45,"AL")+COUNTIF(I45:AM45,"W/2 AL/2")*0.5+COUNTIF(I45:AM45,"AL/2 UL/2")*0.5 -> 1 | AQ45: =COUNTIF(I45:AM45,"UL")+COUNTIF(I45:AM45,"W/2 UL/2")*0.5+COUNTIF(I45:AM45,"AL/2 UL/2")*0.5 -> 6 | AR45: =COUNTIF(I45:AM45,"PH") -> 0 | AS45: =COUNTIF(I45:AM45,"SL") -> 0 | AT45: =COUNTIF(I45:AM45,"PL") -> 0 | AW45: =(AO45+AP45)*BF45/AN45 -> 811571.44 | AX45: =500000*(1-IF(COUNTIF(J45:AM45,"UL")>=2,IF(COUNTIF(J45:AM45,"UL")>=3,1,0.5),0)) -> 0 | BB45: -40000 | BC45: 8 | BD45: 2026 | BF45: 1043449
A46: 39 | B46: LEP112A | D46: Hồ Thị Lan | E46: Production | F46: Production Operator | G46: 14/07/2026 | H46: =B46&$AM$5 -> LEP112A46254 | I46: W | J46: W | K46: W | L46: W | M46: W | O46: UL | P46: UL | Q46: UL | R46: UL | S46: W | T46: W | V46: W | W46: UL | X46: W | Y46: UL | Z46: W | AA46: W | AC46: UL | AD46: W | AE46: W | AF46: W | AG46: W | AH46: W | AJ46: W | AK46: W | AL46: W | AM46: W | AN46: 27 | AO46: =COUNTIF(I46:AM46,"W")+COUNTIF(I46:AM46,"W/2 AL/2")*0.5+COUNTIF(I46:AM46,"BT")+COUNTIF(I46:AM46,"N")++COUNTIF(I46:AM46,"W/2 UL/2")*0.5 -> 20 | AP46: =COUNTIF(I46:AM46,"AL")+COUNTIF(I46:AM46,"W/2 AL/2")*0.5+COUNTIF(I46:AM46,"AL/2 UL/2")*0.5 -> 0 | AQ46: =COUNTIF(I46:AM46,"UL")+COUNTIF(I46:AM46,"W/2 UL/2")*0.5+COUNTIF(I46:AM46,"AL/2 UL/2")*0.5 -> 7 | AR46: =COUNTIF(I46:AM46,"PH") -> 0 | AS46: =COUNTIF(I46:AM46,"SL") -> 0 | AT46: =COUNTIF(I46:AM46,"PL") -> 0 | AW46: =(AO46+AP46)*BF46/AN46 -> 772925.19 | AX46: =500000*(1-IF(COUNTIF(J46:AM46,"UL")>=2,IF(COUNTIF(J46:AM46,"UL")>=3,1,0.5),0)) -> 0 | BB46: -40000 | BC46: 8 | BD46: 2026 | BE46: Tăng mới tháng 7 | BF46: 1043449
A47: 40 | B47: LEP113 | D47: Phan Thị Kim Anh | E47: Production | F47: Production Operator | G47: 18/11/2025 | H47: =B47&$AM$5 -> LEP11346254 | I47: W | J47: W | K47: W | L47: W | M47: W | O47: W | P47: W | Q47: W | R47: W | S47: W | T47: W | V47: W | W47: W | X47: W | Y47: W | Z47: W | AA47: AL | AC47: W | AD47: W | AE47: W | AF47: W | AG47: W | AH47: W | AJ47: W | AK47: W | AL47: W | AM47: W | AN47: 27 | AO47: =COUNTIF(I47:AM47,"W")+COUNTIF(I47:AM47,"W/2 AL/2")*0.5+COUNTIF(I47:AM47,"BT")+COUNTIF(I47:AM47,"N")++COUNTIF(I47:AM47,"W/2 UL/2")*0.5 -> 26 | AP47: =COUNTIF(I47:AM47,"AL")+COUNTIF(I47:AM47,"W/2 AL/2")*0.5+COUNTIF(I47:AM47,"AL/2 UL/2")*0.5 -> 1 | AQ47: =COUNTIF(I47:AM47,"UL")+COUNTIF(I47:AM47,"W/2 UL/2")*0.5+COUNTIF(I47:AM47,"AL/2 UL/2")*0.5 -> 0 | AR47: =COUNTIF(I47:AM47,"PH") -> 0 | AS47: =COUNTIF(I47:AM47,"SL") -> 0 | AT47: =COUNTIF(I47:AM47,"PL") -> 0 | AW47: =(AO47+AP47)*BF47/AN47 -> 1000000 | AX47: =500000*(1-IF(COUNTIF(J47:AM47,"UL")>=2,IF(COUNTIF(J47:AM47,"UL")>=3,1,0.5),0)) -> 500000 | AY47: =13000*AO47 -> 338000 | BB47: -40000 | BC47: 8 | BD47: 2026 | BF47: 1000000
A48: 41 | B48: LEP114 | D48: Nguyễn Văn Út | E48: Production | F48: Production Operator | G48: 18/11/2025 | H48: =B48&$AM$5 -> LEP11446254 | I48: W | J48: UL | K48: W | L48: W | M48: W | O48: W | P48: W | Q48: W | R48: W | S48: W | T48: W | V48: UL | W48: W | X48: W | Y48: AL | Z48: W | AA48: W | AC48: W | AD48: W | AE48: W | AF48: W | AG48: W | AH48: W | AJ48: W | AK48: W | AL48: W | AM48: W | AN48: 27 | AO48: =COUNTIF(I48:AM48,"W")+COUNTIF(I48:AM48,"W/2 AL/2")*0.5+COUNTIF(I48:AM48,"BT")+COUNTIF(I48:AM48,"N")++COUNTIF(I48:AM48,"W/2 UL/2")*0.5 -> 24 | AP48: =COUNTIF(I48:AM48,"AL")+COUNTIF(I48:AM48,"W/2 AL/2")*0.5+COUNTIF(I48:AM48,"AL/2 UL/2")*0.5 -> 1 | AQ48: =COUNTIF(I48:AM48,"UL")+COUNTIF(I48:AM48,"W/2 UL/2")*0.5+COUNTIF(I48:AM48,"AL/2 UL/2")*0.5 -> 2 | AR48: =COUNTIF(I48:AM48,"PH") -> 0 | AS48: =COUNTIF(I48:AM48,"SL") -> 0 | AT48: =COUNTIF(I48:AM48,"PL") -> 0 | AW48: =(AO48+AP48)*BF48/AN48 -> 966156.48 | AX48: =500000*(1-IF(COUNTIF(J48:AM48,"UL")>=2,IF(COUNTIF(J48:AM48,"UL")>=3,1,0.5),0)) -> 250000 | BB48: -40000 | BC48: 8 | BD48: 2026 | BF48: 1043449
A49: 42 | B49: LEP116A | D49: Ngô Văn Thảo | E49: Production | F49: Production Operator | G49: 14/07/2026 | H49: =B49&$AM$5 -> LEP116A46254 | I49: W | J49: W | K49: W | L49: W | M49: W | O49: UL | P49: UL | Q49: UL | R49: UL | S49: W | T49: W | V49: W | W49: UL | X49: W | Y49: UL | Z49: UL | AA49: W | AC49: W | AD49: W | AE49: W | AF49: W | AG49: W | AH49: W | AJ49: W | AK49: W | AL49: W | AM49: W | AN49: 27 | AO49: =COUNTIF(I49:AM49,"W")+COUNTIF(I49:AM49,"W/2 AL/2")*0.5+COUNTIF(I49:AM49,"BT")+COUNTIF(I49:AM49,"N")++COUNTIF(I49:AM49,"W/2 UL/2")*0.5 -> 20 | AP49: =COUNTIF(I49:AM49,"AL")+COUNTIF(I49:AM49,"W/2 AL/2")*0.5+COUNTIF(I49:AM49,"AL/2 UL/2")*0.5 -> 0 | AQ49: =COUNTIF(I49:AM49,"UL")+COUNTIF(I49:AM49,"W/2 UL/2")*0.5+COUNTIF(I49:AM49,"AL/2 UL/2")*0.5 -> 7 | AR49: =COUNTIF(I49:AM49,"PH") -> 0 | AS49: =COUNTIF(I49:AM49,"SL") -> 0 | AT49: =COUNTIF(I49:AM49,"PL") -> 0 | AW49: =(AO49+AP49)*BF49/AN49 -> 0 | AX49: =500000*(1-IF(COUNTIF(J49:AM49,"UL")>=2,IF(COUNTIF(J49:AM49,"UL")>=3,1,0.5),0)) -> 0 | BB49: -40000 | BC49: 8 | BD49: 2026 | BE49: Tăng mới tháng 7 | BF49: 0
A50: 43 | B50: LEP127 | D50: Lý Văn Minh Tâm | E50: Production | F50: Production Operator | G50: 25/11/2025 | H50: =B50&$AM$5 -> LEP12746254 | I50: W | J50: W | K50: W | L50: W | M50: W | O50: W | P50: W | Q50: W | R50: W | S50: W | T50: W | V50: W | W50: W | X50: W | Y50: W | Z50: W | AA50: W | AC50: W | AD50: W | AE50: AL | AF50: W | AG50: W | AH50: W | AJ50: W | AK50: W | AL50: W | AM50: W | AN50: 27 | AO50: =COUNTIF(I50:AM50,"W")+COUNTIF(I50:AM50,"W/2 AL/2")*0.5+COUNTIF(I50:AM50,"BT")+COUNTIF(I50:AM50,"N")++COUNTIF(I50:AM50,"W/2 UL/2")*0.5 -> 26 | AP50: =COUNTIF(I50:AM50,"AL")+COUNTIF(I50:AM50,"W/2 AL/2")*0.5+COUNTIF(I50:AM50,"AL/2 UL/2")*0.5 -> 1 | AQ50: =COUNTIF(I50:AM50,"UL")+COUNTIF(I50:AM50,"W/2 UL/2")*0.5+COUNTIF(I50:AM50,"AL/2 UL/2")*0.5 -> 0 | AR50: =COUNTIF(I50:AM50,"PH") -> 0 | AS50: =COUNTIF(I50:AM50,"SL") -> 0 | AT50: =COUNTIF(I50:AM50,"PL") -> 0 | AW50: =(AO50+AP50)*BF50/AN50 -> 1064259 | AX50: =500000*(1-IF(COUNTIF(J50:AM50,"UL")>=2,IF(COUNTIF(J50:AM50,"UL")>=3,1,0.5),0)) -> 500000 | BB50: -40000 | BC50: 8 | BD50: 2026 | BF50: 1064259
A51: 44 | B51: LEP132 | D51: Nguyễn Thị Hương | E51: Production | F51: Production Operator | G51: 25/11/2025 | H51: =B51&$AM$5 -> LEP13246254 | I51: W | J51: AL | K51: W | L51: W | M51: W | O51: W | P51: W | Q51: W | R51: W | S51: W | T51: W | V51: W | W51: W | X51: W | Y51: W | Z51: W | AA51: W | AC51: SL | AD51: SL | AE51: W | AF51: W | AG51: W | AH51: W | AJ51: W | AK51: W | AL51: W | AM51: W | AN51: 27 | AO51: =COUNTIF(I51:AM51,"W")+COUNTIF(I51:AM51,"W/2 AL/2")*0.5+COUNTIF(I51:AM51,"BT")+COUNTIF(I51:AM51,"N")++COUNTIF(I51:AM51,"W/2 UL/2")*0.5 -> 24 | AP51: =COUNTIF(I51:AM51,"AL")+COUNTIF(I51:AM51,"W/2 AL/2")*0.5+COUNTIF(I51:AM51,"AL/2 UL/2")*0.5 -> 1 | AQ51: =COUNTIF(I51:AM51,"UL")+COUNTIF(I51:AM51,"W/2 UL/2")*0.5+COUNTIF(I51:AM51,"AL/2 UL/2")*0.5 -> 0 | AR51: =COUNTIF(I51:AM51,"PH") -> 0 | AS51: =COUNTIF(I51:AM51,"SL") -> 2 | AT51: =COUNTIF(I51:AM51,"PL") -> 0 | AW51: =(AO51+AP51)*BF51/AN51 -> 966156.48 | AX51: =500000*(1-IF(COUNTIF(J51:AM51,"UL")>=2,IF(COUNTIF(J51:AM51,"UL")>=3,1,0.5),0)) -> 500000 | BB51: -40000 | BC51: 8 | BD51: 2026 | BF51: 1043449
A52: 45 | B52: LEP134 | D52: Nguyễn Thị Cẩm Hằng | E52: Production | F52: Production Operator | G52: 25/11/2025 | H52: =B52&$AM$5 -> LEP13446254 | I52: W | J52: W | K52: W | L52: W | M52: W | O52: W | P52: W | Q52: W | R52: W | S52: W | T52: W | V52: W | W52: UL | X52: UL | Y52: W | Z52: W | AA52: W | AC52: W | AD52: W | AE52: W | AF52: W | AG52: W | AH52: W | AJ52: W | AK52: W | AL52: W | AM52: W | AN52: 27 | AO52: =COUNTIF(I52:AM52,"W")+COUNTIF(I52:AM52,"W/2 AL/2")*0.5+COUNTIF(I52:AM52,"BT")+COUNTIF(I52:AM52,"N")++COUNTIF(I52:AM52,"W/2 UL/2")*0.5 -> 25 | AP52: =COUNTIF(I52:AM52,"AL")+COUNTIF(I52:AM52,"W/2 AL/2")*0.5+COUNTIF(I52:AM52,"AL/2 UL/2")*0.5 -> 0 | AQ52: =COUNTIF(I52:AM52,"UL")+COUNTIF(I52:AM52,"W/2 UL/2")*0.5+COUNTIF(I52:AM52,"AL/2 UL/2")*0.5 -> 2 | AR52: =COUNTIF(I52:AM52,"PH") -> 0 | AS52: =COUNTIF(I52:AM52,"SL") -> 0 | AT52: =COUNTIF(I52:AM52,"PL") -> 0 | AW52: =(AO52+AP52)*BF52/AN52 -> 966156.48 | AX52: =500000*(1-IF(COUNTIF(J52:AM52,"UL")>=2,IF(COUNTIF(J52:AM52,"UL")>=3,1,0.5),0)) -> 250000 | BB52: -40000 | BC52: 8 | BD52: 2026 | BF52: 1043449
A53: 46 | B53: LEP146 | D53: Nguyễn Thị Diệu Minh | E53: Production | F53: Production Operator | G53: 16/12/2025 | H53: =B53&$AM$5 -> LEP14646254 | I53: W | J53: W | K53: W | L53: W | M53: W | O53: W | P53: W | Q53: W | R53: W | S53: W | T53: UL | V53: AL | W53: UL | X53: W | Y53: W | Z53: UL | AA53: UL | AC53: W | AD53: W | AE53: W | AF53: W | AG53: W/2 UL/2 | AH53: W | AJ53: W | AK53: W | AL53: W | AM53: W | AN53: 27 | AO53: =COUNTIF(I53:AM53,"W")+COUNTIF(I53:AM53,"W/2 AL/2")*0.5+COUNTIF(I53:AM53,"BT")+COUNTIF(I53:AM53,"N")++COUNTIF(I53:AM53,"W/2 UL/2")*0.5 -> 21.5 | AP53: =COUNTIF(I53:AM53,"AL")+COUNTIF(I53:AM53,"W/2 AL/2")*0.5+COUNTIF(I53:AM53,"AL/2 UL/2")*0.5 -> 1 | AQ53: =COUNTIF(I53:AM53,"UL")+COUNTIF(I53:AM53,"W/2 UL/2")*0.5+COUNTIF(I53:AM53,"AL/2 UL/2")*0.5 -> 4.5 | AR53: =COUNTIF(I53:AM53,"PH") -> 0 | AS53: =COUNTIF(I53:AM53,"SL") -> 0 | AT53: =COUNTIF(I53:AM53,"PL") -> 0 | AW53: =(AO53+AP53)*BF53/AN53 -> 886882.5 | AX53: =500000*(1-IF(COUNTIF(J53:AM53,"UL")>=2,IF(COUNTIF(J53:AM53,"UL")>=3,1,0.5),0)) -> 0 | BB53: -40000 | BC53: 8 | BD53: 2026 | BF53: 1064259
A54: 47 | B54: LEP149 | D54: Hà Ngọc Lưu | E54: WH | F54: Warehouse Team Leader | G54: 09/01/2026 | H54: =B54&$AM$5 -> LEP14946254 | I54: W | J54: W | K54: W | L54: W | M54: W | O54: W | P54: W | Q54: W | R54: W | S54: W | T54: W | V54: W | W54: W | X54: W | Y54: W | Z54: SL | AA54: W | AC54: W | AD54: W | AE54: W | AF54: W | AG54: W | AH54: W | AJ54: W | AK54: W | AL54: W | AM54: W | AN54: 27 | AO54: =COUNTIF(I54:AM54,"W")+COUNTIF(I54:AM54,"W/2 AL/2")*0.5+COUNTIF(I54:AM54,"BT")+COUNTIF(I54:AM54,"N")++COUNTIF(I54:AM54,"W/2 UL/2")*0.5 -> 26 | AP54: =COUNTIF(I54:AM54,"AL")+COUNTIF(I54:AM54,"W/2 AL/2")*0.5+COUNTIF(I54:AM54,"AL/2 UL/2")*0.5 -> 0 | AQ54: =COUNTIF(I54:AM54,"UL")+COUNTIF(I54:AM54,"W/2 UL/2")*0.5+COUNTIF(I54:AM54,"AL/2 UL/2")*0.5 -> 0 | AR54: =COUNTIF(I54:AM54,"PH") -> 0 | AS54: =COUNTIF(I54:AM54,"SL") -> 1 | AT54: =COUNTIF(I54:AM54,"PL") -> 0 | AW54: =(AO54+AP54)*BF54/AN54 -> 962962.96 | AX54: =500000*(1-IF(COUNTIF(J54:AM54,"UL")>=2,IF(COUNTIF(J54:AM54,"UL")>=3,1,0.5),0)) -> 500000 | BB54: -40000 | BC54: 8 | BD54: 2026 | BF54: 1000000
A55: 48 | B55: LEP152 | D55: Hoàng Trọng Hiếu | E55: Production | F55: Production Operator | G55: 27/01/2026 | H55: =B55&$AM$5 -> LEP15246254 | I55: W | J55: W | K55: W | L55: W | M55: W | O55: W | P55: W | Q55: W | R55: W | S55: W | T55: W | V55: W | W55: W | X55: W | Y55: W | Z55: W | AA55: W | AC55: W | AD55: W | AE55: W | AF55: W | AG55: W | AH55: W | AJ55: W | AK55: W | AL55: W | AM55: W | AN55: 27 | AO55: =COUNTIF(I55:AM55,"W")+COUNTIF(I55:AM55,"W/2 AL/2")*0.5+COUNTIF(I55:AM55,"BT")+COUNTIF(I55:AM55,"N")++COUNTIF(I55:AM55,"W/2 UL/2")*0.5 -> 27 | AP55: =COUNTIF(I55:AM55,"AL")+COUNTIF(I55:AM55,"W/2 AL/2")*0.5+COUNTIF(I55:AM55,"AL/2 UL/2")*0.5 -> 0 | AQ55: =COUNTIF(I55:AM55,"UL")+COUNTIF(I55:AM55,"W/2 UL/2")*0.5+COUNTIF(I55:AM55,"AL/2 UL/2")*0.5 -> 0 | AR55: =COUNTIF(I55:AM55,"PH") -> 0 | AS55: =COUNTIF(I55:AM55,"SL") -> 0 | AT55: =COUNTIF(I55:AM55,"PL") -> 0 | AW55: =(AO55+AP55)*BF55/AN55 -> 1000000 | AX55: =500000*(1-IF(COUNTIF(J55:AM55,"UL")>=2,IF(COUNTIF(J55:AM55,"UL")>=3,1,0.5),0)) -> 500000 | AY55: =13000*AO55 -> 351000 | BB55: -40000 | BC55: 8 | BD55: 2026 | BF55: 1000000
A56: 49 | B56: LEP158 | D56: Nguyễn Tiến Đạt | E56: Production | F56: Production Operator | G56: 25/02/2026 | H56: =B56&$AM$5 -> LEP15846254 | I56: UL | J56: W | K56: W | L56: W | M56: UL | O56: UL | P56: W | Q56: W | R56: W | S56: UL | T56: UL | V56: UL | W56: UL | X56: W | Y56: UL | Z56: UL | AA56: UL | AC56: UL | AD56: UL | AE56: UL | AJ56: 0 | AK56: 0 | AL56: 0 | AM56: 0 | AN56: 27 | AO56: =COUNTIF(I56:AM56,"W")+COUNTIF(I56:AM56,"W/2 AL/2")*0.5+COUNTIF(I56:AM56,"BT")+COUNTIF(I56:AM56,"N")++COUNTIF(I56:AM56,"W/2 UL/2")*0.5 -> 7 | AP56: =COUNTIF(I56:AM56,"AL")+COUNTIF(I56:AM56,"W/2 AL/2")*0.5+COUNTIF(I56:AM56,"AL/2 UL/2")*0.5 -> 0 | AQ56: =COUNTIF(I56:AM56,"UL")+COUNTIF(I56:AM56,"W/2 UL/2")*0.5+COUNTIF(I56:AM56,"AL/2 UL/2")*0.5 -> 13 | AR56: =COUNTIF(I56:AM56,"PH") -> 0 | AS56: =COUNTIF(I56:AM56,"SL") -> 0 | AT56: =COUNTIF(I56:AM56,"PL") -> 0 | AW56: =(AO56+AP56)*BF56/AN56 -> 0 | AX56: =500000*(1-IF(COUNTIF(J56:AM56,"UL")>=2,IF(COUNTIF(J56:AM56,"UL")>=3,1,0.5),0)) -> 0 | BB56: -40000 | BC56: 8 | BD56: 2026 | BF56: 0
A57: 50 | B57: LEP165A | D57: Trần Văn Trí | E57: Production | F57: Production Operator | G57: 26/02/2026 | H57: =B57&$AM$5 -> LEP165A46254 | I57: W | J57: W | K57: W | L57: W | M57: W | O57: W | P57: W | Q57: W | R57: W | S57: UL | T57: UL | V57: UL | W57: W | X57: W | Y57: W | Z57: UL | AA57: W | AC57: W | AD57: W | AE57: W | AF57: W | AG57: W | AH57: W | AJ57: W | AK57: W | AL57: W | AM57: UL | AN57: 27 | AO57: =COUNTIF(I57:AM57,"W")+COUNTIF(I57:AM57,"W/2 AL/2")*0.5+COUNTIF(I57:AM57,"BT")+COUNTIF(I57:AM57,"N")++COUNTIF(I57:AM57,"W/2 UL/2")*0.5 -> 22 | AP57: =COUNTIF(I57:AM57,"AL")+COUNTIF(I57:AM57,"W/2 AL/2")*0.5+COUNTIF(I57:AM57,"AL/2 UL/2")*0.5 -> 0 | AQ57: =COUNTIF(I57:AM57,"UL")+COUNTIF(I57:AM57,"W/2 UL/2")*0.5+COUNTIF(I57:AM57,"AL/2 UL/2")*0.5 -> 5 | AR57: =COUNTIF(I57:AM57,"PH") -> 0 | AS57: =COUNTIF(I57:AM57,"SL") -> 0 | AT57: =COUNTIF(I57:AM57,"PL") -> 0 | AW57: =(AO57+AP57)*BF57/AN57 -> 850217.7 | AX57: =500000*(1-IF(COUNTIF(J57:AM57,"UL")>=2,IF(COUNTIF(J57:AM57,"UL")>=3,1,0.5),0)) -> 0 | BB57: -40000 | BC57: 8 | BD57: 2026 | BF57: 1043449
A58: 51 | B58: LEP169 | D58: Phạm Lí Hùng | E58: WH | F58: WH Operator | G58: 03/03/2026 | H58: =B58&$AM$5 -> LEP16946254 | I58: W | J58: W | K58: W | L58: W | M58: W | O58: AL | P58: W | Q58: W | R58: W | S58: W | T58: W | V58: W | W58: W | X58: W | Y58: W | Z58: UL | AA58: UL | AC58: W | AD58: W | AE58: W | AF58: W | AG58: W | AH58: W | AJ58: W | AK58: W | AL58: W | AM58: W | AN58: 27 | AO58: =COUNTIF(I58:AM58,"W")+COUNTIF(I58:AM58,"W/2 AL/2")*0.5+COUNTIF(I58:AM58,"BT")+COUNTIF(I58:AM58,"N")++COUNTIF(I58:AM58,"W/2 UL/2")*0.5 -> 24 | AP58: =COUNTIF(I58:AM58,"AL")+COUNTIF(I58:AM58,"W/2 AL/2")*0.5+COUNTIF(I58:AM58,"AL/2 UL/2")*0.5 -> 1 | AQ58: =COUNTIF(I58:AM58,"UL")+COUNTIF(I58:AM58,"W/2 UL/2")*0.5+COUNTIF(I58:AM58,"AL/2 UL/2")*0.5 -> 2 | AR58: =COUNTIF(I58:AM58,"PH") -> 0 | AS58: =COUNTIF(I58:AM58,"SL") -> 0 | AT58: =COUNTIF(I58:AM58,"PL") -> 0 | AW58: =(AO58+AP58)*BF58/AN58 -> 925925.93 | AX58: =500000*(1-IF(COUNTIF(J58:AM58,"UL")>=2,IF(COUNTIF(J58:AM58,"UL")>=3,1,0.5),0)) -> 250000 | BB58: -40000 | BC58: 8 | BD58: 2026 | BF58: 1000000
A59: 52 | B59: LEP170 | D59: Phạm Quang Vinh | E59: WH | F59: WH Staff | G59: 05/03/2026 | H59: =B59&$AM$5 -> LEP17046254 | I59: W | J59: W | K59: W | L59: W | M59: W | O59: W | P59: W | Q59: AL | R59: UL | S59: W | T59: W | V59: W | W59: W | X59: W | Y59: W | Z59: W | AA59: W | AC59: W | AD59: W | AE59: W | AF59: W | AG59: W | AH59: W | AJ59: W | AK59: W | AL59: W | AM59: W | AN59: 27 | AO59: =COUNTIF(I59:AM59,"W")+COUNTIF(I59:AM59,"W/2 AL/2")*0.5+COUNTIF(I59:AM59,"BT")+COUNTIF(I59:AM59,"N")++COUNTIF(I59:AM59,"W/2 UL/2")*0.5 -> 25 | AP59: =COUNTIF(I59:AM59,"AL")+COUNTIF(I59:AM59,"W/2 AL/2")*0.5+COUNTIF(I59:AM59,"AL/2 UL/2")*0.5 -> 1 | AQ59: =COUNTIF(I59:AM59,"UL")+COUNTIF(I59:AM59,"W/2 UL/2")*0.5+COUNTIF(I59:AM59,"AL/2 UL/2")*0.5 -> 1 | AR59: =COUNTIF(I59:AM59,"PH") -> 0 | AS59: =COUNTIF(I59:AM59,"SL") -> 0 | AT59: =COUNTIF(I59:AM59,"PL") -> 0 | AW59: =(AO59+AP59)*BF59/AN59 -> 962962.96 | AX59: =500000*(1-IF(COUNTIF(J59:AM59,"UL")>=2,IF(COUNTIF(J59:AM59,"UL")>=3,1,0.5),0)) -> 500000 | BB59: -40000 | BC59: 8 | BD59: 2026 | BF59: 1000000
A60: 53 | B60: LEP180 | D60: Phạm Văn Giang | E60: WH | F60: WH Operator | G60: 06/03/2026 | H60: =B60&$AM$5 -> LEP18046254 | I60: W | J60: W | K60: W | L60: W | M60: W | O60: W | P60: W | Q60: W | R60: W | S60: W | T60: W | V60: W | W60: W | X60: AL | Y60: W | Z60: W | AA60: W | AC60: W | AD60: W | AE60: W | AF60: W | AG60: W | AH60: W | AJ60: W | AK60: W | AL60: W | AM60: W | AN60: 27 | AO60: =COUNTIF(I60:AM60,"W")+COUNTIF(I60:AM60,"W/2 AL/2")*0.5+COUNTIF(I60:AM60,"BT")+COUNTIF(I60:AM60,"N")++COUNTIF(I60:AM60,"W/2 UL/2")*0.5 -> 26 | AP60: =COUNTIF(I60:AM60,"AL")+COUNTIF(I60:AM60,"W/2 AL/2")*0.5+COUNTIF(I60:AM60,"AL/2 UL/2")*0.5 -> 1 | AQ60: =COUNTIF(I60:AM60,"UL")+COUNTIF(I60:AM60,"W/2 UL/2")*0.5+COUNTIF(I60:AM60,"AL/2 UL/2")*0.5 -> 0 | AR60: =COUNTIF(I60:AM60,"PH") -> 0 | AS60: =COUNTIF(I60:AM60,"SL") -> 0 | AT60: =COUNTIF(I60:AM60,"PL") -> 0 | AW60: =(AO60+AP60)*BF60/AN60 -> 1000000 | AX60: =500000*(1-IF(COUNTIF(J60:AM60,"UL")>=2,IF(COUNTIF(J60:AM60,"UL")>=3,1,0.5),0)) -> 500000 | BB60: -40000 | BC60: 8 | BD60: 2026 | BF60: 1000000
A61: 54 | B61: LEP181C | D61: Phan Thị Kim Triệu | E61: Production | F61: Production Operator | G61: 02/03/2026 | H61: =B61&$AM$5 -> LEP181C46254 | I61: W | J61: W | K61: W | L61: W | M61: W | O61: UL | P61: W | Q61: W | R61: W | S61: W | T61: W | V61: W | W61: W | X61: W | Y61: W | Z61: W | AA61: W | AC61: W | AD61: W | AE61: W | AF61: W | AG61: W | AH61: W | AJ61: W | AK61: W | AL61: W | AM61: W | AN61: 27 | AO61: =COUNTIF(I61:AM61,"W")+COUNTIF(I61:AM61,"W/2 AL/2")*0.5+COUNTIF(I61:AM61,"BT")+COUNTIF(I61:AM61,"N")++COUNTIF(I61:AM61,"W/2 UL/2")*0.5 -> 26 | AP61: =COUNTIF(I61:AM61,"AL")+COUNTIF(I61:AM61,"W/2 AL/2")*0.5+COUNTIF(I61:AM61,"AL/2 UL/2")*0.5 -> 0 | AQ61: =COUNTIF(I61:AM61,"UL")+COUNTIF(I61:AM61,"W/2 UL/2")*0.5+COUNTIF(I61:AM61,"AL/2 UL/2")*0.5 -> 1 | AR61: =COUNTIF(I61:AM61,"PH") -> 0 | AS61: =COUNTIF(I61:AM61,"SL") -> 0 | AT61: =COUNTIF(I61:AM61,"PL") -> 0 | AW61: =(AO61+AP61)*BF61/AN61 -> 1024842 | AX61: =500000*(1-IF(COUNTIF(J61:AM61,"UL")>=2,IF(COUNTIF(J61:AM61,"UL")>=3,1,0.5),0)) -> 500000 | BB61: -40000 | BC61: 8 | BD61: 2026 | BF61: 1064259
A62: 55 | B62: LEP181D | D62: Nguyễn Diệu Hân | E62: Production | F62: Production Operator | G62: 11/03/2026 | H62: =B62&$AM$5 -> LEP181D46254 | I62: W | J62: W | K62: W | L62: W | M62: W | O62: W | P62: W | Q62: W | R62: W | S62: W | T62: PL | V62: PL | W62: PL | X62: PL | Y62: PL | Z62: PL | AA62: PL | AC62: PL | AD62: PL | AE62: PL | AF62: PL | AG62: PL | AH62: PL | AJ62: PL | AK62: PL | AL62: PL | AM62: PL | AN62: 27 | AO62: =COUNTIF(I62:AM62,"W")+COUNTIF(I62:AM62,"W/2 AL/2")*0.5+COUNTIF(I62:AM62,"BT")+COUNTIF(I62:AM62,"N")++COUNTIF(I62:AM62,"W/2 UL/2")*0.5 -> 10 | AP62: =COUNTIF(I62:AM62,"AL")+COUNTIF(I62:AM62,"W/2 AL/2")*0.5+COUNTIF(I62:AM62,"AL/2 UL/2")*0.5 -> 0 | AQ62: =COUNTIF(I62:AM62,"UL")+COUNTIF(I62:AM62,"W/2 UL/2")*0.5+COUNTIF(I62:AM62,"AL/2 UL/2")*0.5 -> 0 | AR62: =COUNTIF(I62:AM62,"PH") -> 0 | AS62: =COUNTIF(I62:AM62,"SL") -> 0 | AT62: =COUNTIF(I62:AM62,"PL") -> 17 | AW62: =(AO62+AP62)*BF62/AN62 -> 394170 | AX62: =500000*(1-IF(COUNTIF(J62:AM62,"UL")>=2,IF(COUNTIF(J62:AM62,"UL")>=3,1,0.5),0)) -> 500000 | BB62: -40000 | BC62: 8 | BD62: 2026 | BF62: 1064259
A63: 56 | B63: LEP181F | D63: Mã Tứ Hiếu | E63: Production | F63: Production Operator | G63: 11/03/2026 | H63: =B63&$AM$5 -> LEP181F46254 | I63: W | J63: W | K63: W | L63: W | M63: W | O63: W | P63: W | Q63: AL | R63: UL | S63: W | T63: W | V63: W | W63: W | X63: W | Y63: UL | Z63: W | AA63: W | AC63: W | AD63: W | AE63: W | AF63: W | AG63: W | AH63: W | AJ63: W | AK63: W | AL63: W | AM63: W | AN63: 27 | AO63: =COUNTIF(I63:AM63,"W")+COUNTIF(I63:AM63,"W/2 AL/2")*0.5+COUNTIF(I63:AM63,"BT")+COUNTIF(I63:AM63,"N")++COUNTIF(I63:AM63,"W/2 UL/2")*0.5 -> 24 | AP63: =COUNTIF(I63:AM63,"AL")+COUNTIF(I63:AM63,"W/2 AL/2")*0.5+COUNTIF(I63:AM63,"AL/2 UL/2")*0.5 -> 1 | AQ63: =COUNTIF(I63:AM63,"UL")+COUNTIF(I63:AM63,"W/2 UL/2")*0.5+COUNTIF(I63:AM63,"AL/2 UL/2")*0.5 -> 2 | AR63: =COUNTIF(I63:AM63,"PH") -> 0 | AS63: =COUNTIF(I63:AM63,"SL") -> 0 | AT63: =COUNTIF(I63:AM63,"PL") -> 0 | AW63: =(AO63+AP63)*BF63/AN63 -> 966156.48 | AX63: =500000*(1-IF(COUNTIF(J63:AM63,"UL")>=2,IF(COUNTIF(J63:AM63,"UL")>=3,1,0.5),0)) -> 250000 | BB63: -40000 | BC63: 8 | BD63: 2026 | BF63: 1043449
A64: 57 | B64: LEP186A | D64: Võ Thị Minh Trang | E64: Production | F64: Production Operator | G64: 25/03/2026 | H64: =B64&$AM$5 -> LEP186A46254 | I64: W | J64: W | K64: W | L64: W | M64: W | O64: W | P64: W | Q64: W | R64: W | S64: W | T64: W | V64: W | W64: W | X64: W | Y64: W | Z64: W | AA64: UL | AC64: W | AD64: W | AE64: W | AF64: W | AG64: W | AH64: W | AJ64: UL | AK64: UL | AL64: UL | AM64: UL | AN64: 27 | AO64: =COUNTIF(I64:AM64,"W")+COUNTIF(I64:AM64,"W/2 AL/2")*0.5+COUNTIF(I64:AM64,"BT")+COUNTIF(I64:AM64,"N")++COUNTIF(I64:AM64,"W/2 UL/2")*0.5 -> 22 | AP64: =COUNTIF(I64:AM64,"AL")+COUNTIF(I64:AM64,"W/2 AL/2")*0.5+COUNTIF(I64:AM64,"AL/2 UL/2")*0.5 -> 0 | AQ64: =COUNTIF(I64:AM64,"UL")+COUNTIF(I64:AM64,"W/2 UL/2")*0.5+COUNTIF(I64:AM64,"AL/2 UL/2")*0.5 -> 5 | AR64: =COUNTIF(I64:AM64,"PH") -> 0 | AS64: =COUNTIF(I64:AM64,"SL") -> 0 | AT64: =COUNTIF(I64:AM64,"PL") -> 0 | AW64: =(AO64+AP64)*BF64/AN64 -> 867174 | AX64: =500000*(1-IF(COUNTIF(J64:AM64,"UL")>=2,IF(COUNTIF(J64:AM64,"UL")>=3,1,0.5),0)) -> 0 | BB64: -40000 | BC64: 8 | BD64: 2026 | BF64: 1064259
A65: 58 | B65: LEP189 | D65: Lê Minh Lực | E65: Production | F65: Production Operator | G65: 02/04/2026 | H65: =B65&$AM$5 -> LEP18946254 | I65: W | J65: W | K65: W | L65: W | M65: W | O65: W | P65: W | Q65: W | R65: W | S65: W | T65: W | V65: W | W65: W | X65: W | Y65: W | Z65: W | AA65: W | AC65: W | AD65: W | AE65: W | AF65: W | AG65: W | AH65: W | AJ65: W | AK65: W | AL65: W | AM65: W | AN65: 27 | AO65: =COUNTIF(I65:AM65,"W")+COUNTIF(I65:AM65,"W/2 AL/2")*0.5+COUNTIF(I65:AM65,"BT")+COUNTIF(I65:AM65,"N")++COUNTIF(I65:AM65,"W/2 UL/2")*0.5 -> 27 | AP65: =COUNTIF(I65:AM65,"AL")+COUNTIF(I65:AM65,"W/2 AL/2")*0.5+COUNTIF(I65:AM65,"AL/2 UL/2")*0.5 -> 0 | AQ65: =COUNTIF(I65:AM65,"UL")+COUNTIF(I65:AM65,"W/2 UL/2")*0.5+COUNTIF(I65:AM65,"AL/2 UL/2")*0.5 -> 0 | AR65: =COUNTIF(I65:AM65,"PH") -> 0 | AS65: =COUNTIF(I65:AM65,"SL") -> 0 | AT65: =COUNTIF(I65:AM65,"PL") -> 0 | AW65: =(AO65+AP65)*BF65/AN65 -> 1000000 | AX65: =500000*(1-IF(COUNTIF(J65:AM65,"UL")>=2,IF(COUNTIF(J65:AM65,"UL")>=3,1,0.5),0)) -> 500000 | AY65: =13000*AO65 -> 351000 | BB65: -40000 | BC65: 8 | BD65: 2026 | BF65: 1000000
A66: 59 | B66: LEP190 | D66: Cao Thị Oanh | E66: Production | F66: Production Operator | G66: 02/04/2026 | H66: =B66&$AM$5 -> LEP19046254 | I66: W | J66: W | K66: W | L66: W | M66: W | O66: W | P66: W | Q66: W | R66: W | S66: W | T66: W | V66: W | W66: AL | X66: AL | Y66: AL | Z66: UL | AA66: UL | AC66: W | AD66: W | AE66: W | AF66: W | AG66: W | AH66: W | AJ66: W | AK66: W | AL66: W | AM66: W | AN66: 27 | AO66: =COUNTIF(I66:AM66,"W")+COUNTIF(I66:AM66,"W/2 AL/2")*0.5+COUNTIF(I66:AM66,"BT")+COUNTIF(I66:AM66,"N")++COUNTIF(I66:AM66,"W/2 UL/2")*0.5 -> 22 | AP66: =COUNTIF(I66:AM66,"AL")+COUNTIF(I66:AM66,"W/2 AL/2")*0.5+COUNTIF(I66:AM66,"AL/2 UL/2")*0.5 -> 3 | AQ66: =COUNTIF(I66:AM66,"UL")+COUNTIF(I66:AM66,"W/2 UL/2")*0.5+COUNTIF(I66:AM66,"AL/2 UL/2")*0.5 -> 2 | AR66: =COUNTIF(I66:AM66,"PH") -> 0 | AS66: =COUNTIF(I66:AM66,"SL") -> 0 | AT66: =COUNTIF(I66:AM66,"PL") -> 0 | AW66: =(AO66+AP66)*BF66/AN66 -> 985425 | AX66: =500000*(1-IF(COUNTIF(J66:AM66,"UL")>=2,IF(COUNTIF(J66:AM66,"UL")>=3,1,0.5),0)) -> 250000 | BB66: -40000 | BC66: 8 | BD66: 2026 | BF66: 1064259
A67: 60 | B67: LEP191 | D67: Trương Mỹ Nhân | E67: Production | F67: Production Operator | G67: 02/04/2026 | H67: =B67&$AM$5 -> LEP19146254 | I67: W | J67: AL | K67: W | L67: W | M67: W | O67: W | P67: W | Q67: W | R67: W | S67: W | T67: W | V67: W | W67: W | X67: W | Y67: W | Z67: W | AA67: W | AC67: W | AD67: W | AE67: W | AF67: W | AG67: W | AH67: W | AJ67: W | AK67: W | AL67: W | AM67: W | AN67: 27 | AO67: =COUNTIF(I67:AM67,"W")+COUNTIF(I67:AM67,"W/2 AL/2")*0.5+COUNTIF(I67:AM67,"BT")+COUNTIF(I67:AM67,"N")++COUNTIF(I67:AM67,"W/2 UL/2")*0.5 -> 26 | AP67: =COUNTIF(I67:AM67,"AL")+COUNTIF(I67:AM67,"W/2 AL/2")*0.5+COUNTIF(I67:AM67,"AL/2 UL/2")*0.5 -> 1 | AQ67: =COUNTIF(I67:AM67,"UL")+COUNTIF(I67:AM67,"W/2 UL/2")*0.5+COUNTIF(I67:AM67,"AL/2 UL/2")*0.5 -> 0 | AR67: =COUNTIF(I67:AM67,"PH") -> 0 | AS67: =COUNTIF(I67:AM67,"SL") -> 0 | AT67: =COUNTIF(I67:AM67,"PL") -> 0 | AW67: =(AO67+AP67)*BF67/AN67 -> 1064259 | AX67: =500000*(1-IF(COUNTIF(J67:AM67,"UL")>=2,IF(COUNTIF(J67:AM67,"UL")>=3,1,0.5),0)) -> 500000 | BB67: -40000 | BC67: 8 | BD67: 2026 | BF67: 1064259
A68: 61 | B68: LEP194A | D68: Y Việt Long Ding | E68: WH | F68: WH Operator | G68: 08/04/2026 | H68: =B68&$AM$5 -> LEP194A46254 | I68: W | J68: W | K68: W | L68: W | M68: W | O68: W | P68: AL | Q68: W | R68: W | S68: W | T68: W | V68: W | W68: W | X68: W | Y68: W | Z68: W | AA68: W | AC68: W | AD68: W | AE68: W | AF68: W | AG68: W | AH68: W | AJ68: W | AK68: W | AL68: W | AM68: W | AN68: 27 | AO68: =COUNTIF(I68:AM68,"W")+COUNTIF(I68:AM68,"W/2 AL/2")*0.5+COUNTIF(I68:AM68,"BT")+COUNTIF(I68:AM68,"N")++COUNTIF(I68:AM68,"W/2 UL/2")*0.5 -> 26 | AP68: =COUNTIF(I68:AM68,"AL")+COUNTIF(I68:AM68,"W/2 AL/2")*0.5+COUNTIF(I68:AM68,"AL/2 UL/2")*0.5 -> 1 | AQ68: =COUNTIF(I68:AM68,"UL")+COUNTIF(I68:AM68,"W/2 UL/2")*0.5+COUNTIF(I68:AM68,"AL/2 UL/2")*0.5 -> 0 | AR68: =COUNTIF(I68:AM68,"PH") -> 0 | AS68: =COUNTIF(I68:AM68,"SL") -> 0 | AT68: =COUNTIF(I68:AM68,"PL") -> 0 | AW68: =(AO68+AP68)*BF68/AN68 -> 1000000 | AX68: =500000*(1-IF(COUNTIF(J68:AM68,"UL")>=2,IF(COUNTIF(J68:AM68,"UL")>=3,1,0.5),0)) -> 500000 | BB68: -40000 | BC68: 8 | BD68: 2026 | BF68: 1000000
A69: 62 | B69: LEP198 | D69: Mai Thị Kim Xuyến | E69: Logistics | F69: Master Planner | G69: 20/04/2026 | H69: =B69&$AM$5 -> LEP19846254 | I69: W | J69: W | K69: W | L69: W | M69: 0 | O69: W | P69: W | Q69: W | R69: W | S69: W | V69: AL | W69: W | X69: W | Y69: W | Z69: W | AC69: W | AD69: AL | AE69: W | AF69: AL | AG69: W | AJ69: W | AK69: W | AL69: W | AM69: W | AN69: 23 | AO69: =COUNTIF(I69:AM69,"W")+COUNTIF(I69:AM69,"W/2 AL/2")*0.5+COUNTIF(I69:AM69,"BT")+COUNTIF(I69:AM69,"N")++COUNTIF(I69:AM69,"W/2 UL/2")*0.5 -> 20 | AP69: =COUNTIF(I69:AM69,"AL")+COUNTIF(I69:AM69,"W/2 AL/2")*0.5+COUNTIF(I69:AM69,"AL/2 UL/2")*0.5 -> 3 | AQ69: =COUNTIF(I69:AM69,"UL")+COUNTIF(I69:AM69,"W/2 UL/2")*0.5+COUNTIF(I69:AM69,"AL/2 UL/2")*0.5 -> 0 | AR69: =COUNTIF(I69:AM69,"PH") -> 0 | AS69: =COUNTIF(I69:AM69,"SL") -> 0 | AT69: =COUNTIF(I69:AM69,"PL") -> 0 | AW69: =(AO69+AP69)*BF69/AN69 -> 0 | BB69: -40000 | BC69: 8 | BD69: 2026 | BF69: 0
A70: 63 | B70: LEP202 | D70: Nguyễn Huỳnh Trâm | E70: Logistics | F70: Import-Export Specialist | G70: 06/05/2026 | H70: =B70&$AM$5 -> LEP20246254 | I70: W | J70: W | K70: W | L70: W | M70: 0 | O70: W | P70: W | Q70: W | R70: W | S70: W | V70: W | W70: W | X70: W | Y70: W | Z70: W | AC70: W | AD70: W | AE70: W | AF70: W | AG70: W | AJ70: W | AK70: W | AL70: W | AM70: W | AN70: 23 | AO70: =COUNTIF(I70:AM70,"W")+COUNTIF(I70:AM70,"W/2 AL/2")*0.5+COUNTIF(I70:AM70,"BT")+COUNTIF(I70:AM70,"N")++COUNTIF(I70:AM70,"W/2 UL/2")*0.5 -> 23 | AP70: =COUNTIF(I70:AM70,"AL")+COUNTIF(I70:AM70,"W/2 AL/2")*0.5+COUNTIF(I70:AM70,"AL/2 UL/2")*0.5 -> 0 | AQ70: =COUNTIF(I70:AM70,"UL")+COUNTIF(I70:AM70,"W/2 UL/2")*0.5+COUNTIF(I70:AM70,"AL/2 UL/2")*0.5 -> 0 | AR70: =COUNTIF(I70:AM70,"PH") -> 0 | AS70: =COUNTIF(I70:AM70,"SL") -> 0 | AT70: =COUNTIF(I70:AM70,"PL") -> 0 | AW70: =(AO70+AP70)*BF70/AN70 -> 0 | BB70: -40000 | BC70: 8 | BD70: 2026 | BF70: 0
A71: 64 | B71: LEP203 | D71: Danh Minh Trí | E71: Production | F71: Production Operator | G71: 16/05/2026 | H71: =B71&$AM$5 -> LEP20346254 | I71: W | J71: W | K71: W | L71: W | M71: W | O71: W | P71: W | Q71: W | R71: W | S71: W | T71: W | V71: W | W71: W | X71: W | Y71: W | Z71: W | AA71: W | AC71: W | AD71: W | AE71: W | AF71: W | AG71: W | AH71: W | AJ71: W | AK71: W | AL71: W | AM71: W | AN71: 27 | AO71: =COUNTIF(I71:AM71,"W")+COUNTIF(I71:AM71,"W/2 AL/2")*0.5+COUNTIF(I71:AM71,"BT")+COUNTIF(I71:AM71,"N")++COUNTIF(I71:AM71,"W/2 UL/2")*0.5 -> 27 | AP71: =COUNTIF(I71:AM71,"AL")+COUNTIF(I71:AM71,"W/2 AL/2")*0.5+COUNTIF(I71:AM71,"AL/2 UL/2")*0.5 -> 0 | AQ71: =COUNTIF(I71:AM71,"UL")+COUNTIF(I71:AM71,"W/2 UL/2")*0.5+COUNTIF(I71:AM71,"AL/2 UL/2")*0.5 -> 0 | AR71: =COUNTIF(I71:AM71,"PH") -> 0 | AS71: =COUNTIF(I71:AM71,"SL") -> 0 | AT71: =COUNTIF(I71:AM71,"PL") -> 0 | AW71: =(AO71+AP71)*BF71/AN71 -> 1000000 | AX71: =500000*(1-IF(COUNTIF(J71:AM71,"UL")>=2,IF(COUNTIF(J71:AM71,"UL")>=3,1,0.5),0)) -> 500000 | AY71: =13000*AO71 -> 351000 | BB71: -40000 | BC71: 8 | BD71: 2026 | BF71: 1000000
A72: 65 | B72: LEP204D | D72: Y' Lưới Hđơk | E72: Production | F72: Riveting Line Operator | G72: 23/07/2026 | H72: =B72&$AM$5 -> LEP204D46254 | I72: UL | J72: UL | K72: W | L72: W | M72: W | O72: W | P72: UL | Q72: W | R72: W | S72: W | T72: W | V72: W | W72: W | X72: W | Y72: UL | Z72: UL | AA72: W | AC72: W | AD72: W | AE72: W | AF72: W | AG72: W | AH72: W | AJ72: W | AK72: W | AL72: W | AM72: W | AN72: 27 | AO72: =COUNTIF(I72:AM72,"W")+COUNTIF(I72:AM72,"W/2 AL/2")*0.5+COUNTIF(I72:AM72,"BT")+COUNTIF(I72:AM72,"N")++COUNTIF(I72:AM72,"W/2 UL/2")*0.5 -> 22 | AP72: =COUNTIF(I72:AM72,"AL")+COUNTIF(I72:AM72,"W/2 AL/2")*0.5+COUNTIF(I72:AM72,"AL/2 UL/2")*0.5 -> 0 | AQ72: =COUNTIF(I72:AM72,"UL")+COUNTIF(I72:AM72,"W/2 UL/2")*0.5+COUNTIF(I72:AM72,"AL/2 UL/2")*0.5 -> 5 | AR72: =COUNTIF(I72:AM72,"PH") -> 0 | AS72: =COUNTIF(I72:AM72,"SL") -> 0 | AT72: =COUNTIF(I72:AM72,"PL") -> 0 | AW72: =(AO72+AP72)*BF72/AN72 -> 850217.7 | AX72: =500000*(1-IF(COUNTIF(J72:AM72,"UL")>=2,IF(COUNTIF(J72:AM72,"UL")>=3,1,0.5),0)) -> 0 | BB72: -40000 | BC72: 8 | BD72: 2026 | BE72: Tăng mới tháng 8 | BF72: 1043449
A73: 66 | B73: LEP205 | D73: Y Duân Nie | E73: Production | F73: Production Operator | G73: 21/05/2026 | H73: =B73&$AM$5 -> LEP20546254 | I73: UL | J73: W | K73: W | L73: W | M73: W | O73: W | P73: UL | Q73: W | R73: UL | S73: W | T73: W | V73: UL | W73: W | X73: UL | Y73: UL | Z73: W | AA73: UL | AC73: W | AD73: UL | AE73: W | AF73: W | AG73: UL | AH73: W | AJ73: UL | AK73: W | AL73: W | AM73: W | AN73: 27 | AO73: =COUNTIF(I73:AM73,"W")+COUNTIF(I73:AM73,"W/2 AL/2")*0.5+COUNTIF(I73:AM73,"BT")+COUNTIF(I73:AM73,"N")++COUNTIF(I73:AM73,"W/2 UL/2")*0.5 -> 17 | AP73: =COUNTIF(I73:AM73,"AL")+COUNTIF(I73:AM73,"W/2 AL/2")*0.5+COUNTIF(I73:AM73,"AL/2 UL/2")*0.5 -> 0 | AQ73: =COUNTIF(I73:AM73,"UL")+COUNTIF(I73:AM73,"W/2 UL/2")*0.5+COUNTIF(I73:AM73,"AL/2 UL/2")*0.5 -> 10 | AR73: =COUNTIF(I73:AM73,"PH") -> 0 | AS73: =COUNTIF(I73:AM73,"SL") -> 0 | AT73: =COUNTIF(I73:AM73,"PL") -> 0 | AW73: =(AO73+AP73)*BF73/AN73 -> 629629.63 | AX73: =500000*(1-IF(COUNTIF(J73:AM73,"UL")>=2,IF(COUNTIF(J73:AM73,"UL")>=3,1,0.5),0)) -> 0 | AY73: =13000*AO73 -> 221000 | BB73: -40000 | BC73: 8 | BD73: 2026 | BF73: 1000000
A74: 67 | B74: LEP206 | D74: Lê Ngọc Quyết | E74: QC | F74: QC Inspector | G74: 22/05/2026 | H74: =B74&$AM$5 -> LEP20646254 | I74: W | J74: W | K74: W | L74: W | M74: W | O74: W | P74: W | Q74: W | R74: W | S74: W | T74: W | V74: W | W74: W | X74: W | Y74: W | Z74: W | AA74: W | AC74: W | AD74: W/2 UL/2 | AE74: SL | AF74: W | AG74: W | AH74: W | AJ74: W | AK74: W | AL74: W | AM74: W | AN74: 27 | AO74: =COUNTIF(I74:AM74,"W")+COUNTIF(I74:AM74,"W/2 AL/2")*0.5+COUNTIF(I74:AM74,"BT")+COUNTIF(I74:AM74,"N")++COUNTIF(I74:AM74,"W/2 UL/2")*0.5 -> 25.5 | AP74: =COUNTIF(I74:AM74,"AL")+COUNTIF(I74:AM74,"W/2 AL/2")*0.5+COUNTIF(I74:AM74,"AL/2 UL/2")*0.5 -> 0 | AQ74: =COUNTIF(I74:AM74,"UL")+COUNTIF(I74:AM74,"W/2 UL/2")*0.5+COUNTIF(I74:AM74,"AL/2 UL/2")*0.5 -> 0.5 | AR74: =COUNTIF(I74:AM74,"PH") -> 0 | AS74: =COUNTIF(I74:AM74,"SL") -> 1 | AT74: =COUNTIF(I74:AM74,"PL") -> 0 | AW74: =(AO74+AP74)*BF74/AN74 -> 944444.44 | AX74: 500000 | BB74: -40000 | BC74: 8 | BD74: 2026 | BF74: 1000000
A75: 68 | B75: LEP208 | D75: Đào Thanh Phước | E75: Production | F75: Production Operator | G75: 23/05/2026 | H75: =B75&$AM$5 -> LEP20846254 | I75: W | J75: W | K75: W | L75: W | M75: W | O75: UL | P75: UL | Q75: SL | R75: UL | S75: SL | T75: SL | V75: W | W75: W | X75: UL | Y75: UL | Z75: UL | AA75: UL | AC75: W | AD75: UL | AE75: UL | AF75: W | AG75: UL | AH75: UL | AJ75: UL | AK75: UL | AL75: AL | AM75: W | AN75: 27 | AO75: =COUNTIF(I75:AM75,"W")+COUNTIF(I75:AM75,"W/2 AL/2")*0.5+COUNTIF(I75:AM75,"BT")+COUNTIF(I75:AM75,"N")++COUNTIF(I75:AM75,"W/2 UL/2")*0.5 -> 10 | AP75: =COUNTIF(I75:AM75,"AL")+COUNTIF(I75:AM75,"W/2 AL/2")*0.5+COUNTIF(I75:AM75,"AL/2 UL/2")*0.5 -> 1 | AQ75: =COUNTIF(I75:AM75,"UL")+COUNTIF(I75:AM75,"W/2 UL/2")*0.5+COUNTIF(I75:AM75,"AL/2 UL/2")*0.5 -> 13 | AR75: =COUNTIF(I75:AM75,"PH") -> 0 | AS75: =COUNTIF(I75:AM75,"SL") -> 3 | AT75: =COUNTIF(I75:AM75,"PL") -> 0 | AW75: =(AO75+AP75)*BF75/AN75 -> 407407.41 | AX75: =500000*(1-IF(COUNTIF(J75:AM75,"UL")>=2,IF(COUNTIF(J75:AM75,"UL")>=3,1,0.5),0)) -> 0 | AY75: =13000*AO75 -> 130000 | BB75: -40000 | BC75: 8 | BD75: 2026 | BF75: 1000000
A76: 69 | B76: LEP209 | D76: Lưu Văn Huy | E76: Production | F76: Production Operator | G76: 26/05/2026 | H76: =B76&$AM$5 -> LEP20946254 | I76: W | J76: W | K76: AL | L76: W | M76: W | O76: W | P76: W | Q76: AL | R76: W | S76: W | T76: W | V76: W | W76: W | X76: W | Y76: W | Z76: W | AA76: W | AC76: UL | AD76: W | AE76: W | AF76: W | AG76: W | AH76: W | AJ76: UL | AK76: W | AL76: W | AM76: W | AN76: 27 | AO76: =COUNTIF(I76:AM76,"W")+COUNTIF(I76:AM76,"W/2 AL/2")*0.5+COUNTIF(I76:AM76,"BT")+COUNTIF(I76:AM76,"N")++COUNTIF(I76:AM76,"W/2 UL/2")*0.5 -> 23 | AP76: =COUNTIF(I76:AM76,"AL")+COUNTIF(I76:AM76,"W/2 AL/2")*0.5+COUNTIF(I76:AM76,"AL/2 UL/2")*0.5 -> 2 | AQ76: =COUNTIF(I76:AM76,"UL")+COUNTIF(I76:AM76,"W/2 UL/2")*0.5+COUNTIF(I76:AM76,"AL/2 UL/2")*0.5 -> 2 | AR76: =COUNTIF(I76:AM76,"PH") -> 0 | AS76: =COUNTIF(I76:AM76,"SL") -> 0 | AT76: =COUNTIF(I76:AM76,"PL") -> 0 | AW76: =(AO76+AP76)*BF76/AN76 -> 925925.93 | AX76: =500000*(1-IF(COUNTIF(J76:AM76,"UL")>=2,IF(COUNTIF(J76:AM76,"UL")>=3,1,0.5),0)) -> 250000 | AY76: =13000*AO76 -> 299000 | BB76: -40000 | BC76: 8 | BD76: 2026 | BF76: 1000000
A77: 70 | B77: LEP211 | D77: Ngô Hoàng Quốc Trung | E77: Production | F77: Production Operator | G77: 26/05/2026 | H77: =B77&$AM$5 -> LEP21146254 | I77: W | J77: W | K77: W | L77: W | M77: W | O77: W | P77: W | Q77: W | R77: W | S77: W | T77: W | V77: UL | W77: W | X77: W | Y77: W | Z77: W | AA77: W | AC77: W | AD77: W | AE77: W | AF77: W | AG77: W | AH77: W | AJ77: W | AK77: UL | AL77: UL | AM77: UL | AN77: 27 | AO77: =COUNTIF(I77:AM77,"W")+COUNTIF(I77:AM77,"W/2 AL/2")*0.5+COUNTIF(I77:AM77,"BT")+COUNTIF(I77:AM77,"N")++COUNTIF(I77:AM77,"W/2 UL/2")*0.5 -> 23 | AP77: =COUNTIF(I77:AM77,"AL")+COUNTIF(I77:AM77,"W/2 AL/2")*0.5+COUNTIF(I77:AM77,"AL/2 UL/2")*0.5 -> 0 | AQ77: =COUNTIF(I77:AM77,"UL")+COUNTIF(I77:AM77,"W/2 UL/2")*0.5+COUNTIF(I77:AM77,"AL/2 UL/2")*0.5 -> 4 | AR77: =COUNTIF(I77:AM77,"PH") -> 0 | AS77: =COUNTIF(I77:AM77,"SL") -> 0 | AT77: =COUNTIF(I77:AM77,"PL") -> 0 | AW77: =(AO77+AP77)*BF77/AN77 -> 906591 | AX77: =500000*(1-IF(COUNTIF(J77:AM77,"UL")>=2,IF(COUNTIF(J77:AM77,"UL")>=3,1,0.5),0)) -> 0 | BB77: -40000 | BC77: 8 | BD77: 2026 | BF77: 1064259
A78: 71 | B78: LEP211B | D78: Nguyễn Gia Hào | E78: Production | F78: Production Operator | G78: 26/05/2026 | H78: =B78&$AM$5 -> LEP211B46254 | I78: W | J78: W | K78: W | L78: W | M78: W | O78: W | P78: W | Q78: W | R78: W | S78: W | T78: W | V78: W | W78: W | X78: W | Y78: W | Z78: W | AA78: W | AC78: W | AD78: W | AE78: W | AF78: W | AG78: W | AH78: W | AJ78: W | AK78: UL | AL78: UL | AM78: UL | AN78: 27 | AO78: =COUNTIF(I78:AM78,"W")+COUNTIF(I78:AM78,"W/2 AL/2")*0.5+COUNTIF(I78:AM78,"BT")+COUNTIF(I78:AM78,"N")++COUNTIF(I78:AM78,"W/2 UL/2")*0.5 -> 24 | AP78: =COUNTIF(I78:AM78,"AL")+COUNTIF(I78:AM78,"W/2 AL/2")*0.5+COUNTIF(I78:AM78,"AL/2 UL/2")*0.5 -> 0 | AQ78: =COUNTIF(I78:AM78,"UL")+COUNTIF(I78:AM78,"W/2 UL/2")*0.5+COUNTIF(I78:AM78,"AL/2 UL/2")*0.5 -> 3 | AR78: =COUNTIF(I78:AM78,"PH") -> 0 | AS78: =COUNTIF(I78:AM78,"SL") -> 0 | AT78: =COUNTIF(I78:AM78,"PL") -> 0 | AW78: =(AO78+AP78)*BF78/AN78 -> 927510.22 | AX78: =500000*(1-IF(COUNTIF(J78:AM78,"UL")>=2,IF(COUNTIF(J78:AM78,"UL")>=3,1,0.5),0)) -> 0 | BB78: -40000 | BC78: 8 | BD78: 2026 | BF78: 1043449
A79: 72 | B79: LEP214 | D79: Trần Thị Ngọc Hương | E79: Production | F79: Production Operator | G79: 28/05/2026 | H79: =B79&$AM$5 -> LEP21446254 | I79: W | J79: W | K79: W | L79: W | M79: W | O79: W | P79: W | Q79: W | R79: W | S79: W | T79: W | V79: W | W79: W | X79: W | Y79: W | Z79: AL | AA79: W | AC79: W | AD79: W | AE79: W | AF79: W | AG79: W | AH79: W | AJ79: W | AK79: W | AL79: W | AM79: W | AN79: 27 | AO79: =COUNTIF(I79:AM79,"W")+COUNTIF(I79:AM79,"W/2 AL/2")*0.5+COUNTIF(I79:AM79,"BT")+COUNTIF(I79:AM79,"N")++COUNTIF(I79:AM79,"W/2 UL/2")*0.5 -> 26 | AP79: =COUNTIF(I79:AM79,"AL")+COUNTIF(I79:AM79,"W/2 AL/2")*0.5+COUNTIF(I79:AM79,"AL/2 UL/2")*0.5 -> 1 | AQ79: =COUNTIF(I79:AM79,"UL")+COUNTIF(I79:AM79,"W/2 UL/2")*0.5+COUNTIF(I79:AM79,"AL/2 UL/2")*0.5 -> 0 | AR79: =COUNTIF(I79:AM79,"PH") -> 0 | AS79: =COUNTIF(I79:AM79,"SL") -> 0 | AT79: =COUNTIF(I79:AM79,"PL") -> 0 | AW79: =(AO79+AP79)*BF79/AN79 -> 1043449 | AX79: =500000*(1-IF(COUNTIF(J79:AM79,"UL")>=2,IF(COUNTIF(J79:AM79,"UL")>=3,1,0.5),0)) -> 500000 | BB79: -40000 | BC79: 8 | BD79: 2026 | BF79: 1043449
A80: 73 | B80: LEP215A | D80: Lý Thị Thúy Kiều | E80: Production | F80: Production Operator | G80: 28/05/2026 | H80: =B80&$AM$5 -> LEP215A46254 | I80: W | J80: W | K80: W | L80: W | M80: W | O80: W | P80: W | Q80: W | R80: W | S80: W | T80: W | V80: W | W80: W | X80: W | Y80: W | Z80: W | AA80: W | AC80: W | AD80: W | AE80: W | AF80: W | AG80: W | AH80: W | AJ80: W | AK80: W | AL80: W | AM80: W | AN80: 27 | AO80: =COUNTIF(I80:AM80,"W")+COUNTIF(I80:AM80,"W/2 AL/2")*0.5+COUNTIF(I80:AM80,"BT")+COUNTIF(I80:AM80,"N")++COUNTIF(I80:AM80,"W/2 UL/2")*0.5 -> 27 | AP80: =COUNTIF(I80:AM80,"AL")+COUNTIF(I80:AM80,"W/2 AL/2")*0.5+COUNTIF(I80:AM80,"AL/2 UL/2")*0.5 -> 0 | AQ80: =COUNTIF(I80:AM80,"UL")+COUNTIF(I80:AM80,"W/2 UL/2")*0.5+COUNTIF(I80:AM80,"AL/2 UL/2")*0.5 -> 0 | AR80: =COUNTIF(I80:AM80,"PH") -> 0 | AS80: =COUNTIF(I80:AM80,"SL") -> 0 | AT80: =COUNTIF(I80:AM80,"PL") -> 0 | AW80: =(AO80+AP80)*BF80/AN80 -> 1064259 | AX80: =500000*(1-IF(COUNTIF(J80:AM80,"UL")>=2,IF(COUNTIF(J80:AM80,"UL")>=3,1,0.5),0)) -> 500000 | BB80: -40000 | BC80: 8 | BD80: 2026 | BF80: 1064259
A81: 74 | B81: LEP215B | D81: Lê Tiểu My | E81: Production | F81: Production Operator | G81: 28/05/2026 | H81: =B81&$AM$5 -> LEP215B46254 | I81: AL | J81: W | K81: W | L81: W | M81: W | O81: W | P81: W | Q81: W | R81: W | S81: W | T81: W | V81: W | W81: W | X81: SL | Y81: UL | Z81: W | AA81: UL | AC81: W | AD81: W | AE81: W | AF81: W | AG81: W | AH81: W | AJ81: W | AK81: W | AL81: W | AM81: W | AN81: 27 | AO81: =COUNTIF(I81:AM81,"W")+COUNTIF(I81:AM81,"W/2 AL/2")*0.5+COUNTIF(I81:AM81,"BT")+COUNTIF(I81:AM81,"N")++COUNTIF(I81:AM81,"W/2 UL/2")*0.5 -> 23 | AP81: =COUNTIF(I81:AM81,"AL")+COUNTIF(I81:AM81,"W/2 AL/2")*0.5+COUNTIF(I81:AM81,"AL/2 UL/2")*0.5 -> 1 | AQ81: =COUNTIF(I81:AM81,"UL")+COUNTIF(I81:AM81,"W/2 UL/2")*0.5+COUNTIF(I81:AM81,"AL/2 UL/2")*0.5 -> 2 | AR81: =COUNTIF(I81:AM81,"PH") -> 0 | AS81: =COUNTIF(I81:AM81,"SL") -> 1 | AT81: =COUNTIF(I81:AM81,"PL") -> 0 | AW81: =(AO81+AP81)*BF81/AN81 -> 927510.22 | AX81: =500000*(1-IF(COUNTIF(J81:AM81,"UL")>=2,IF(COUNTIF(J81:AM81,"UL")>=3,1,0.5),0)) -> 250000 | BB81: -40000 | BC81: 8 | BD81: 2026 | BF81: 1043449
A82: 75 | B82: LEP217 | D82: Nguyễn Văn Công | E82: Production | F82: Production Operator | G82: 01/06/2026 | H82: =B82&$AM$5 -> LEP21746254 | I82: W | J82: W | K82: W | L82: W | M82: W | O82: W | P82: W | Q82: W | R82: W | S82: W | T82: W | V82: W | W82: W | X82: W | Y82: W | Z82: W | AA82: W | AC82: W | AD82: W | AE82: W | AF82: W | AG82: W | AH82: W | AJ82: W | AK82: W | AL82: W | AM82: W | AN82: 27 | AO82: =COUNTIF(I82:AM82,"W")+COUNTIF(I82:AM82,"W/2 AL/2")*0.5+COUNTIF(I82:AM82,"BT")+COUNTIF(I82:AM82,"N")++COUNTIF(I82:AM82,"W/2 UL/2")*0.5 -> 27 | AP82: =COUNTIF(I82:AM82,"AL")+COUNTIF(I82:AM82,"W/2 AL/2")*0.5+COUNTIF(I82:AM82,"AL/2 UL/2")*0.5 -> 0 | AQ82: =COUNTIF(I82:AM82,"UL")+COUNTIF(I82:AM82,"W/2 UL/2")*0.5+COUNTIF(I82:AM82,"AL/2 UL/2")*0.5 -> 0 | AR82: =COUNTIF(I82:AM82,"PH") -> 0 | AS82: =COUNTIF(I82:AM82,"SL") -> 0 | AT82: =COUNTIF(I82:AM82,"PL") -> 0 | AW82: =(AO82+AP82)*BF82/AN82 -> 1064259 | AX82: =500000*(1-IF(COUNTIF(J82:AM82,"UL")>=2,IF(COUNTIF(J82:AM82,"UL")>=3,1,0.5),0)) -> 500000 | BB82: -40000 | BC82: 8 | BD82: 2026 | BF82: 1064259
A83: 76 | B83: LEP217A | D83: Trần Hoàng Sang | E83: QC | F83: QC Inspector | G83: 01/06/2026 | H83: =B83&$AM$5 -> LEP217A46254 | I83: W | J83: W | K83: W | L83: W | M83: W | O83: W | P83: W | Q83: W | R83: W | S83: W | T83: W | V83: W | W83: W | X83: W | Y83: W | Z83: W | AA83: AL | AC83: W | AD83: W | AE83: W | AF83: W | AG83: W | AH83: W | AJ83: W | AK83: W | AL83: W | AM83: W | AN83: 27 | AO83: =COUNTIF(I83:AM83,"W")+COUNTIF(I83:AM83,"W/2 AL/2")*0.5+COUNTIF(I83:AM83,"BT")+COUNTIF(I83:AM83,"N")++COUNTIF(I83:AM83,"W/2 UL/2")*0.5 -> 26 | AP83: =COUNTIF(I83:AM83,"AL")+COUNTIF(I83:AM83,"W/2 AL/2")*0.5+COUNTIF(I83:AM83,"AL/2 UL/2")*0.5 -> 1 | AQ83: =COUNTIF(I83:AM83,"UL")+COUNTIF(I83:AM83,"W/2 UL/2")*0.5+COUNTIF(I83:AM83,"AL/2 UL/2")*0.5 -> 0 | AR83: =COUNTIF(I83:AM83,"PH") -> 0 | AS83: =COUNTIF(I83:AM83,"SL") -> 0 | AT83: =COUNTIF(I83:AM83,"PL") -> 0 | AW83: =(AO83+AP83)*BF83/AN83 -> 1000000 | AX83: 500000 | BB83: -40000 | BC83: 8 | BD83: 2026 | BF83: 1000000
A84: 77 | B84: LEP217B | D84: Nguyễn Thanh Tâm | E84: QC | F84: QC Inspector | G84: 01/06/2026 | H84: =B84&$AM$5 -> LEP217B46254 | I84: W | J84: W | K84: W | L84: W/2 AL/2 | M84: W | O84: W | P84: W | Q84: W | R84: SL | S84: SL | T84: SL | V84: SL | W84: SL | X84: SL | Y84: UL | Z84: SL | AA84: SL | AC84: SL | AD84: W | AE84: UL | AF84: W | AG84: W | AH84: W | AJ84: UL | AK84: UL | AL84: UL | AM84: UL | AN84: 27 | AO84: =COUNTIF(I84:AM84,"W")+COUNTIF(I84:AM84,"W/2 AL/2")*0.5+COUNTIF(I84:AM84,"BT")+COUNTIF(I84:AM84,"N")++COUNTIF(I84:AM84,"W/2 UL/2")*0.5 -> 11.5 | AP84: =COUNTIF(I84:AM84,"AL")+COUNTIF(I84:AM84,"W/2 AL/2")*0.5+COUNTIF(I84:AM84,"AL/2 UL/2")*0.5 -> 0.5 | AQ84: =COUNTIF(I84:AM84,"UL")+COUNTIF(I84:AM84,"W/2 UL/2")*0.5+COUNTIF(I84:AM84,"AL/2 UL/2")*0.5 -> 6 | AR84: =COUNTIF(I84:AM84,"PH") -> 0 | AS84: =COUNTIF(I84:AM84,"SL") -> 9 | AT84: =COUNTIF(I84:AM84,"PL") -> 0 | AW84: =(AO84+AP84)*1000000/AN84 -> 444444.44 | AX84: 500000 | BB84: -40000 | BC84: 8 | BD84: 2026 | BF84: 1000000
A85: 78 | B85: LEP217C | D85: Phan Thị Ngọc Ánh | E85: Production | F85: Production Operator | G85: 01/06/2026 | H85: =B85&$AM$5 -> LEP217C46254 | I85: W | J85: W | K85: W | L85: W | M85: W | O85: W | P85: W | Q85: W | R85: W | S85: W | T85: W | V85: W | W85: W | X85: W | Y85: W | Z85: W | AA85: W | AC85: W | AD85: UL | AE85: W | AF85: W | AG85: W | AH85: W | AJ85: W | AK85: UL | AL85: W | AM85: W | AN85: 27 | AO85: =COUNTIF(I85:AM85,"W")+COUNTIF(I85:AM85,"W/2 AL/2")*0.5+COUNTIF(I85:AM85,"BT")+COUNTIF(I85:AM85,"N")++COUNTIF(I85:AM85,"W/2 UL/2")*0.5 -> 25 | AP85: =COUNTIF(I85:AM85,"AL")+COUNTIF(I85:AM85,"W/2 AL/2")*0.5+COUNTIF(I85:AM85,"AL/2 UL/2")*0.5 -> 0 | AQ85: =COUNTIF(I85:AM85,"UL")+COUNTIF(I85:AM85,"W/2 UL/2")*0.5+COUNTIF(I85:AM85,"AL/2 UL/2")*0.5 -> 2 | AR85: =COUNTIF(I85:AM85,"PH") -> 0 | AS85: =COUNTIF(I85:AM85,"SL") -> 0 | AT85: =COUNTIF(I85:AM85,"PL") -> 0 | AW85: =(AO85+AP85)*BF85/AN85 -> 0 | AX85: =500000*(1-IF(COUNTIF(J85:AM85,"UL")>=2,IF(COUNTIF(J85:AM85,"UL")>=3,1,0.5),0)) -> 250000 | BB85: -40000 | BC85: 8 | BD85: 2026 | BF85: 0
A86: 79 | B86: LEP220 | D86: Nguyễn Đăng Khoa | E86: QC | F86: Quality Team Leader | G86: 05/06/2026 | H86: =B86&$AM$5 -> LEP22046254 | I86: W | J86: W | K86: W | L86: W | M86: UL | O86: W | P86: W | Q86: W | R86: W | S86: W | T86: W | V86: W | W86: RESIGNED | X86: 0 | Y86: 0 | Z86: 0 | AA86: 0 | AC86: 0 | AD86: 0 | AE86: 0 | AG86: 0 | AH86: 0 | AJ86: 0 | AK86: 0 | AL86: 0 | AM86: 0 | AN86: 27 | AO86: =COUNTIF(I86:AM86,"W")+COUNTIF(I86:AM86,"W/2 AL/2")*0.5+COUNTIF(I86:AM86,"BT")+COUNTIF(I86:AM86,"N")++COUNTIF(I86:AM86,"W/2 UL/2")*0.5 -> 11 | AP86: =COUNTIF(I86:AM86,"AL")+COUNTIF(I86:AM86,"W/2 AL/2")*0.5+COUNTIF(I86:AM86,"AL/2 UL/2")*0.5 -> 0 | AQ86: =COUNTIF(I86:AM86,"UL")+COUNTIF(I86:AM86,"W/2 UL/2")*0.5+COUNTIF(I86:AM86,"AL/2 UL/2")*0.5 -> 1 | AR86: =COUNTIF(I86:AM86,"PH") -> 0 | AS86: =COUNTIF(I86:AM86,"SL") -> 0 | AT86: =COUNTIF(I86:AM86,"PL") -> 0 | AW86: =(AO86+AP86)*BF86/AN86 -> 0 | AX86: 500000 | BB86: -40000 | BC86: 8 | BD86: 2026 | BE86: Nghỉ việc hết thử việc | BF86: 0
A87: 80 | B87: LEP221 | D87: Phan Đình Kiên | E87: Production | F87: Painting Team Leader | G87: 09/06/2026 | H87: =B87&$AM$5 -> LEP22146254 | I87: W | J87: W | K87: W | L87: W | M87: W | O87: W | P87: W | Q87: W | R87: W | S87: W | T87: W | V87: W | W87: W | X87: W | Y87: W | Z87: W | AA87: W | AC87: W | AD87: W | AE87: W | AF87: W | AG87: W | AH87: W | AJ87: W | AK87: W | AL87: W | AM87: W | AN87: 27 | AO87: =COUNTIF(I87:AM87,"W")+COUNTIF(I87:AM87,"W/2 AL/2")*0.5+COUNTIF(I87:AM87,"BT")+COUNTIF(I87:AM87,"N")++COUNTIF(I87:AM87,"W/2 UL/2")*0.5 -> 27 | AP87: =COUNTIF(I87:AM87,"AL")+COUNTIF(I87:AM87,"W/2 AL/2")*0.5+COUNTIF(I87:AM87,"AL/2 UL/2")*0.5 -> 0 | AQ87: =COUNTIF(I87:AM87,"UL")+COUNTIF(I87:AM87,"W/2 UL/2")*0.5+COUNTIF(I87:AM87,"AL/2 UL/2")*0.5 -> 0 | AR87: =COUNTIF(I87:AM87,"PH") -> 0 | AS87: =COUNTIF(I87:AM87,"SL") -> 0 | AT87: =COUNTIF(I87:AM87,"PL") -> 0 | AW87: =(AO87+AP87)*BF87/AN87 -> 1000000 | AX87: =500000*(1-IF(COUNTIF(J87:AM87,"UL")>=2,IF(COUNTIF(J87:AM87,"UL")>=3,1,0.5),0)) -> 500000 | AY87: =13000*AO87 -> 351000 | BB87: -40000 | BC87: 8 | BD87: 2026 | BF87: 1000000
A88: 81 | B88: LEP222 | D88: Đỗ Văn Noa | E88: Production | F88: Production Operator | G88: 17/06/2026 | H88: =B88&$AM$5 -> LEP22246254 | I88: W | J88: W | K88: W | L88: W | M88: W | O88: AL | P88: UL | Q88: W | R88: W | S88: W | T88: W | V88: W | W88: W | X88: W | Y88: W | Z88: W | AA88: W | AC88: UL | AD88: W | AE88: W | AF88: W | AG88: W | AH88: W | AJ88: W | AK88: W | AL88: W | AM88: W | AN88: 27 | AO88: =COUNTIF(I88:AM88,"W")+COUNTIF(I88:AM88,"W/2 AL/2")*0.5+COUNTIF(I88:AM88,"BT")+COUNTIF(I88:AM88,"N")++COUNTIF(I88:AM88,"W/2 UL/2")*0.5 -> 24 | AP88: =COUNTIF(I88:AM88,"AL")+COUNTIF(I88:AM88,"W/2 AL/2")*0.5+COUNTIF(I88:AM88,"AL/2 UL/2")*0.5 -> 1 | AQ88: =COUNTIF(I88:AM88,"UL")+COUNTIF(I88:AM88,"W/2 UL/2")*0.5+COUNTIF(I88:AM88,"AL/2 UL/2")*0.5 -> 2 | AR88: =COUNTIF(I88:AM88,"PH") -> 0 | AS88: =COUNTIF(I88:AM88,"SL") -> 0 | AT88: =COUNTIF(I88:AM88,"PL") -> 0 | AW88: =(AO88+AP88)*BF88/AN88 -> 966156.48 | AX88: =500000*(1-IF(COUNTIF(J88:AM88,"UL")>=2,IF(COUNTIF(J88:AM88,"UL")>=3,1,0.5),0)) -> 250000 | BB88: -40000 | BC88: 8 | BD88: 2026 | BE88: Tăng mới tháng 7 | BF88: 1043449
A89: 82 | B89: LEP225 | D89: Nguyễn Văn Bình | E89: QC | F89: QC Inspector | G89: 22/06/2026 | H89: =B89&$AM$5 -> LEP22546254 | I89: W | J89: W | K89: W | L89: W | M89: W | O89: W | P89: W | Q89: W | R89: AL | S89: W | T89: W | V89: W | W89: W | X89: W | Y89: W | Z89: W | AA89: W | AC89: W | AD89: W | AE89: W | AF89: W | AG89: W | AH89: W | AJ89: W | AK89: W | AL89: W | AM89: W | AN89: 27 | AO89: =COUNTIF(I89:AM89,"W")+COUNTIF(I89:AM89,"W/2 AL/2")*0.5+COUNTIF(I89:AM89,"BT")+COUNTIF(I89:AM89,"N")++COUNTIF(I89:AM89,"W/2 UL/2")*0.5 -> 26 | AP89: =COUNTIF(I89:AM89,"AL")+COUNTIF(I89:AM89,"W/2 AL/2")*0.5+COUNTIF(I89:AM89,"AL/2 UL/2")*0.5 -> 1 | AQ89: =COUNTIF(I89:AM89,"UL")+COUNTIF(I89:AM89,"W/2 UL/2")*0.5+COUNTIF(I89:AM89,"AL/2 UL/2")*0.5 -> 0 | AR89: =COUNTIF(I89:AM89,"PH") -> 0 | AS89: =COUNTIF(I89:AM89,"SL") -> 0 | AT89: =COUNTIF(I89:AM89,"PL") -> 0 | AW89: =(AO89+AP89)*BF89/AN89 -> 1000000 | AX89: 250000 | BB89: -40000 | BC89: 8 | BD89: 2026 | BE89: Tăng mới tháng 7 | BF89: 1000000
A90: 83 | B90: LEP226 | D90: Nguyễn Huy Hoàng | E90: QC | F90: QC Inspector | G90: 22/06/2026 | H90: =B90&$AM$5 -> LEP22646254 | I90: W | J90: W | K90: W | L90: W | M90: W | O90: W | P90: W | Q90: W | R90: W | S90: W | T90: W | V90: W | W90: W | X90: W | Y90: W | Z90: W | AA90: W | AC90: W | AD90: W | AE90: W | AF90: W | AG90: W | AH90: W | AJ90: W | AK90: W | AL90: W | AM90: W | AN90: 27 | AO90: =COUNTIF(I90:AM90,"W")+COUNTIF(I90:AM90,"W/2 AL/2")*0.5+COUNTIF(I90:AM90,"BT")+COUNTIF(I90:AM90,"N")++COUNTIF(I90:AM90,"W/2 UL/2")*0.5 -> 27 | AP90: =COUNTIF(I90:AM90,"AL")+COUNTIF(I90:AM90,"W/2 AL/2")*0.5+COUNTIF(I90:AM90,"AL/2 UL/2")*0.5 -> 0 | AQ90: =COUNTIF(I90:AM90,"UL")+COUNTIF(I90:AM90,"W/2 UL/2")*0.5+COUNTIF(I90:AM90,"AL/2 UL/2")*0.5 -> 0 | AR90: =COUNTIF(I90:AM90,"PH") -> 0 | AS90: =COUNTIF(I90:AM90,"SL") -> 0 | AT90: =COUNTIF(I90:AM90,"PL") -> 0 | AW90: =(AO90+AP90)*BF90/AN90 -> 1000000 | AX90: 500000 | BB90: -40000 | BC90: 8 | BD90: 2026 | BE90: Tăng mới tháng 7 | BF90: 1000000
A91: 84 | B91: LEP227 | D91: Châu Quốc Bình | E91: Production | F91: Production Operator | G91: 23/06/2026 | H91: =B91&$AM$5 -> LEP22746254 | I91: W | J91: W | K91: W | L91: 0 | M91: 0 | O91: 0 | P91: 0 | Q91: 0 | R91: 0 | S91: 0 | T91: 0 | V91: 0 | W91: 0 | X91: 0 | Y91: 0 | Z91: 0 | AA91: 0 | AC91: 0 | AD91: 0 | AE91: 0 | AG91: 0 | AH91: 0 | AJ91: 0 | AK91: 0 | AL91: 0 | AM91: 0 | AN91: 27 | AO91: =COUNTIF(I91:AM91,"W")+COUNTIF(I91:AM91,"W/2 AL/2")*0.5+COUNTIF(I91:AM91,"BT")+COUNTIF(I91:AM91,"N")++COUNTIF(I91:AM91,"W/2 UL/2")*0.5 -> 3 | AP91: =COUNTIF(I91:AM91,"AL")+COUNTIF(I91:AM91,"W/2 AL/2")*0.5+COUNTIF(I91:AM91,"AL/2 UL/2")*0.5 -> 0 | AQ91: =COUNTIF(I91:AM91,"UL")+COUNTIF(I91:AM91,"W/2 UL/2")*0.5+COUNTIF(I91:AM91,"AL/2 UL/2")*0.5 -> 0 | AR91: =COUNTIF(I91:AM91,"PH") -> 0 | AS91: =COUNTIF(I91:AM91,"SL") -> 0 | AT91: =COUNTIF(I91:AM91,"PL") -> 0 | AW91: =(AO91+AP91)*BF91/AN91 -> 0 | AX91: =500000*(1-IF(COUNTIF(J91:AM91,"UL")>=2,IF(COUNTIF(J91:AM91,"UL")>=3,1,0.5),0)) -> 500000 | BB91: -40000 | BC91: 8 | BD91: 2026 | BE91: Tăng mới tháng 7 | BF91: 0
A92: 85 | B92: LEP228 | D92: Phạm Văn Toàn | E92: Production | F92: Production Operator | G92: 09/07/2026 | H92: =B92&$AM$5 -> LEP22846254 | I92: W | J92: W | K92: W | L92: W | M92: W | O92: W | P92: W | Q92: W | R92: W | S92: W | T92: W | V92: W | W92: W | X92: W | Y92: W | Z92: W | AA92: W | AC92: W | AD92: W/2 UL/2 | AE92: UL | AF92: UL | AG92: UL | AH92: UL | AI92: UL | AJ92: UL | AK92: UL | AL92: UL | AM92: UL | AN92: 27 | AO92: =COUNTIF(I92:AM92,"W")+COUNTIF(I92:AM92,"W/2 AL/2")*0.5+COUNTIF(I92:AM92,"BT")+COUNTIF(I92:AM92,"N")++COUNTIF(I92:AM92,"W/2 UL/2")*0.5 -> 18.5 | AP92: =COUNTIF(I92:AM92,"AL")+COUNTIF(I92:AM92,"W/2 AL/2")*0.5+COUNTIF(I92:AM92,"AL/2 UL/2")*0.5 -> 0 | AQ92: =COUNTIF(I92:AM92,"UL")+COUNTIF(I92:AM92,"W/2 UL/2")*0.5+COUNTIF(I92:AM92,"AL/2 UL/2")*0.5 -> 9.5 | AR92: =COUNTIF(I92:AM92,"PH") -> 0 | AS92: =COUNTIF(I92:AM92,"SL") -> 0 | AT92: =COUNTIF(I92:AM92,"PL") -> 0 | AW92: =(AO92+AP92)*BF92/AN92 -> 0 | AX92: =500000*(1-IF(COUNTIF(J92:AM92,"UL")>=2,IF(COUNTIF(J92:AM92,"UL")>=3,1,0.5),0)) -> 0 | BB92: -40000 | BC92: 8 | BD92: 2026 | BE92: Tăng mới tháng 7 | BF92: 0
A93: 86 | B93: LEP233 | D93: Sơn Quốc Phát | E93: Production | F93: Production Operator | G93: 14/07/2026 | H93: =B93&$AM$5 -> LEP23346254 | I93: W | J93: W | K93: W | L93: W | M93: W | O93: W | P93: W | Q93: W | R93: W | S93: W | T93: W | V93: W | W93: W | X93: W | Y93: W | Z93: W | AA93: W | AC93: W | AD93: W | AE93: W | AF93: W | AG93: W | AH93: W | AJ93: W | AK93: W | AL93: W | AM93: W | AN93: 27 | AO93: =COUNTIF(I93:AM93,"W")+COUNTIF(I93:AM93,"W/2 AL/2")*0.5+COUNTIF(I93:AM93,"BT")+COUNTIF(I93:AM93,"N")++COUNTIF(I93:AM93,"W/2 UL/2")*0.5 -> 27 | AP93: =COUNTIF(I93:AM93,"AL")+COUNTIF(I93:AM93,"W/2 AL/2")*0.5+COUNTIF(I93:AM93,"AL/2 UL/2")*0.5 -> 0 | AQ93: =COUNTIF(I93:AM93,"UL")+COUNTIF(I93:AM93,"W/2 UL/2")*0.5+COUNTIF(I93:AM93,"AL/2 UL/2")*0.5 -> 0 | AR93: =COUNTIF(I93:AM93,"PH") -> 0 | AS93: =COUNTIF(I93:AM93,"SL") -> 0 | AT93: =COUNTIF(I93:AM93,"PL") -> 0 | AW93: =(AO93+AP93)*BF93/AN93 -> 1043449 | AX93: =500000*(1-IF(COUNTIF(J93:AM93,"UL")>=2,IF(COUNTIF(J93:AM93,"UL")>=3,1,0.5),0)) -> 500000 | BB93: -40000 | BC93: 8 | BD93: 2026 | BE93: Tăng mới tháng 7 | BF93: 1043449
A94: 87 | B94: LEP234 | D94: Nguyễn Thị Thảo Tiên | E94: Purchasing | F94: Purchasing Lead | G94: 15/07/2026 | H94: =B94&$AM$5 -> LEP23446254 | I94: W | J94: W | K94: W | L94: W | O94: W | P94: W | Q94: W | R94: W | S94: W | V94: W | W94: W | X94: W | Y94: W | Z94: W | AC94: W | AD94: W | AE94: W | AF94: W | AG94: W | AJ94: W | AK94: W | AL94: W | AM94: W | AN94: 23 | AO94: =COUNTIF(I94:AM94,"W")+COUNTIF(I94:AM94,"W/2 AL/2")*0.5+COUNTIF(I94:AM94,"BT")+COUNTIF(I94:AM94,"N")++COUNTIF(I94:AM94,"W/2 UL/2")*0.5 -> 23 | AP94: =COUNTIF(I94:AM94,"AL")+COUNTIF(I94:AM94,"W/2 AL/2")*0.5+COUNTIF(I94:AM94,"AL/2 UL/2")*0.5 -> 0 | AQ94: =COUNTIF(I94:AM94,"UL")+COUNTIF(I94:AM94,"W/2 UL/2")*0.5+COUNTIF(I94:AM94,"AL/2 UL/2")*0.5 -> 0 | AR94: =COUNTIF(I94:AM94,"PH") -> 0 | AS94: =COUNTIF(I94:AM94,"SL") -> 0 | AT94: =COUNTIF(I94:AM94,"PL") -> 0 | AW94: =(AO94+AP94)*BF94/AN94 -> 0 | BB94: -40000 | BC94: 8 | BD94: 2026 | BE94: Tăng mới tháng 7 | BF94: 0
A95: 88 | B95: LEP235 | D95: Nguyễn Thị Phương Thủy | E95: Admin | F95: Assistant to Branch Manager | G95: 16/07/2026 | H95: =B95&$AM$5 -> LEP23546254 | I95: W | J95: W | K95: W | L95: W | O95: W | P95: W | Q95: W | R95: W | S95: W | V95: W/2 UL/2 | W95: W | X95: W | Y95: W | Z95: W | AC95: W | AD95: W | AE95: W | AF95: W | AG95: W | AJ95: W | AK95: W | AL95: W | AM95: W | AN95: 23 | AO95: =COUNTIF(I95:AM95,"W")+COUNTIF(I95:AM95,"W/2 AL/2")*0.5+COUNTIF(I95:AM95,"BT")+COUNTIF(I95:AM95,"N")++COUNTIF(I95:AM95,"W/2 UL/2")*0.5 -> 22.5 | AP95: =COUNTIF(I95:AM95,"AL")+COUNTIF(I95:AM95,"W/2 AL/2")*0.5+COUNTIF(I95:AM95,"AL/2 UL/2")*0.5 -> 0 | AQ95: =COUNTIF(I95:AM95,"UL")+COUNTIF(I95:AM95,"W/2 UL/2")*0.5+COUNTIF(I95:AM95,"AL/2 UL/2")*0.5 -> 0.5 | AR95: =COUNTIF(I95:AM95,"PH") -> 0 | AS95: =COUNTIF(I95:AM95,"SL") -> 0 | AT95: =COUNTIF(I95:AM95,"PL") -> 0 | AW95: =(AO95+AP95)*BF95/AN95 -> 0 | BB95: -40000 | BC95: 8 | BD95: 2026 | BE95: Tăng mới tháng 7 | BF95: 0
A96: 89 | B96: LEP236 | D96: Lê Thị Tố Uyên | E96: Production | F96: Production Operator | G96: 13/07/2026 | H96: =B96&$AM$5 -> LEP23646254 | I96: W | J96: W | K96: W | L96: W | M96: W | O96: UL | P96: W | Q96: W | R96: W | S96: W | T96: W | V96: W | W96: W | X96: W | Y96: W | Z96: W | AA96: UL | AC96: W | AD96: W | AE96: W | AF96: W | AG96: W | AH96: W | AJ96: W | AK96: W | AL96: W | AM96: W | AN96: 27 | AO96: =COUNTIF(I96:AM96,"W")+COUNTIF(I96:AM96,"W/2 AL/2")*0.5+COUNTIF(I96:AM96,"BT")+COUNTIF(I96:AM96,"N")++COUNTIF(I96:AM96,"W/2 UL/2")*0.5 -> 25 | AP96: =COUNTIF(I96:AM96,"AL")+COUNTIF(I96:AM96,"W/2 AL/2")*0.5+COUNTIF(I96:AM96,"AL/2 UL/2")*0.5 -> 0 | AQ96: =COUNTIF(I96:AM96,"UL")+COUNTIF(I96:AM96,"W/2 UL/2")*0.5+COUNTIF(I96:AM96,"AL/2 UL/2")*0.5 -> 2 | AR96: =COUNTIF(I96:AM96,"PH") -> 0 | AS96: =COUNTIF(I96:AM96,"SL") -> 0 | AT96: =COUNTIF(I96:AM96,"PL") -> 0 | AW96: =(AO96+AP96)*BF96/AN96 -> 985425 | AX96: =500000*(1-IF(COUNTIF(J96:AM96,"UL")>=2,IF(COUNTIF(J96:AM96,"UL")>=3,1,0.5),0)) -> 250000 | BB96: -40000 | BC96: 8 | BD96: 2026 | BE96: Tăng mới tháng 7 | BF96: 1064259
A97: 90 | B97: LEP237 | D97: Sơn Văn Vương | E97: Production | F97: Painting Line Operator | G97: 22/07/2026 | H97: =B97&$AM$5 -> LEP23746254 | I97: 0 | J97: W | K97: W | L97: W | M97: W | O97: W | P97: W | Q97: W | R97: W | S97: W | T97: W | V97: W | W97: W | X97: W | Y97: W | Z97: W | AA97: W | AC97: W | AD97: W | AE97: W | AF97: UL | AG97: W | AH97: W | AJ97: W | AK97: W | AL97: W | AM97: W | AN97: 27 | AO97: =COUNTIF(I97:AM97,"W")+COUNTIF(I97:AM97,"W/2 AL/2")*0.5+COUNTIF(I97:AM97,"BT")+COUNTIF(I97:AM97,"N")++COUNTIF(I97:AM97,"W/2 UL/2")*0.5 -> 25 | AP97: =COUNTIF(I97:AM97,"AL")+COUNTIF(I97:AM97,"W/2 AL/2")*0.5+COUNTIF(I97:AM97,"AL/2 UL/2")*0.5 -> 0 | AQ97: =COUNTIF(I97:AM97,"UL")+COUNTIF(I97:AM97,"W/2 UL/2")*0.5+COUNTIF(I97:AM97,"AL/2 UL/2")*0.5 -> 1 | AR97: =COUNTIF(I97:AM97,"PH") -> 0 | AS97: =COUNTIF(I97:AM97,"SL") -> 0 | AT97: =COUNTIF(I97:AM97,"PL") -> 0 | AW97: =(AO97+AP97)*BF97/AN97 -> 925925.93 | AX97: =500000*(1-IF(COUNTIF(J97:AM97,"UL")>=2,IF(COUNTIF(J97:AM97,"UL")>=3,1,0.5),0)) -> 500000 | BB97: -40000 | BC97: 8 | BD97: 2026 | BE97: Tăng mới tháng 8 | BF97: 1000000
A98: 91 | B98: LEP239 | D98: Vũ Đình Kiên | E98: Production | F98: Riveting Line Operator | G98: 04/08/2026 | H98: =B98&$AM$5 -> LEP23946254 | I98: 0 | J98: 0 | K98: 0 | L98: 0 | M98: 0 | O98: 0 | P98: 0 | Q98: 0 | R98: 0 | S98: 0 | T98: 0 | V98: 0 | W98: W | X98: W | Y98: W | Z98: W | AA98: UL | AC98: W | AD98: W | AE98: UL | AF98: W | AG98: W | AH98: W | AJ98: W | AK98: W | AL98: W | AM98: W | AN98: 27 | AO98: =COUNTIF(I98:AM98,"W")+COUNTIF(I98:AM98,"W/2 AL/2")*0.5+COUNTIF(I98:AM98,"BT")+COUNTIF(I98:AM98,"N")++COUNTIF(I98:AM98,"W/2 UL/2")*0.5 -> 13 | AP98: =COUNTIF(I98:AM98,"AL")+COUNTIF(I98:AM98,"W/2 AL/2")*0.5+COUNTIF(I98:AM98,"AL/2 UL/2")*0.5 -> 0 | AQ98: =COUNTIF(I98:AM98,"UL")+COUNTIF(I98:AM98,"W/2 UL/2")*0.5+COUNTIF(I98:AM98,"AL/2 UL/2")*0.5 -> 2 | AR98: =COUNTIF(I98:AM98,"PH") -> 0 | AS98: =COUNTIF(I98:AM98,"SL") -> 0 | AT98: =COUNTIF(I98:AM98,"PL") -> 0 | AW98: =(AO98+AP98)*BF98/AN98 -> 502401.37 | AX98: =500000*(1-IF(COUNTIF(J98:AM98,"UL")>=2,IF(COUNTIF(J98:AM98,"UL")>=3,1,0.5),0)) -> 250000 | BB98: -40000 | BC98: 8 | BD98: 2026 | BF98: 1043449
A99: 92 | B99: LEP240 | D99: Ngô Hoàng Nhiên | E99: Production | F99: Riveting Line Operator | G99: 03/08/2026 | H99: =B99&$AM$5 -> LEP24046254 | I99: 0 | J99: 0 | K99: 0 | L99: 0 | M99: 0 | O99: 0 | P99: 0 | Q99: 0 | R99: 0 | S99: 0 | T99: 0 | V99: W | W99: UL | X99: W | Y99: W | Z99: W | AA99: W | AC99: W | AD99: W | AE99: W | AF99: UL | AG99: UL | AH99: UL | AJ99: UL | AK99: UL | AL99: UL | AM99: UL | AN99: 27 | AO99: =COUNTIF(I99:AM99,"W")+COUNTIF(I99:AM99,"W/2 AL/2")*0.5+COUNTIF(I99:AM99,"BT")+COUNTIF(I99:AM99,"N")++COUNTIF(I99:AM99,"W/2 UL/2")*0.5 -> 8 | AP99: =COUNTIF(I99:AM99,"AL")+COUNTIF(I99:AM99,"W/2 AL/2")*0.5+COUNTIF(I99:AM99,"AL/2 UL/2")*0.5 -> 0 | AQ99: =COUNTIF(I99:AM99,"UL")+COUNTIF(I99:AM99,"W/2 UL/2")*0.5+COUNTIF(I99:AM99,"AL/2 UL/2")*0.5 -> 8 | AR99: =COUNTIF(I99:AM99,"PH") -> 0 | AS99: =COUNTIF(I99:AM99,"SL") -> 0 | AT99: =COUNTIF(I99:AM99,"PL") -> 0 | AW99: =(AO99+AP99)*BF99/AN99 -> 309170.07 | AX99: =500000*(1-IF(COUNTIF(J99:AM99,"UL")>=2,IF(COUNTIF(J99:AM99,"UL")>=3,1,0.5),0)) -> 0 | BB99: -40000 | BC99: 8 | BD99: 2026 | BF99: 1043449
A100: 93 | B100: LEP241 | D100: Nguyễn Thị Diễm Kiều | E100: HR | F100: HR & Admin Manager | G100: 03/08/2026 | H100: =B100&$AM$5 -> LEP24146254 | I100: 0 | J100: 0 | K100: 0 | L100: 0 | M100: 0 | O100: 0 | P100: 0 | Q100: 0 | R100: 0 | S100: 0 | T100: 0 | V100: W | W100: W | X100: W | Y100: W | Z100: W | AC100: W | AD100: W | AE100: W | AF100: W | AG100: W | AJ100: W | AK100: W | AL100: W | AM100: W | AN100: 23 | AO100: =COUNTIF(I100:AM100,"W")+COUNTIF(I100:AM100,"W/2 AL/2")*0.5+COUNTIF(I100:AM100,"BT")+COUNTIF(I100:AM100,"N")++COUNTIF(I100:AM100,"W/2 UL/2")*0.5 -> 14 | AP100: =COUNTIF(I100:AM100,"AL")+COUNTIF(I100:AM100,"W/2 AL/2")*0.5+COUNTIF(I100:AM100,"AL/2 UL/2")*0.5 -> 0 | AQ100: =COUNTIF(I100:AM100,"UL")+COUNTIF(I100:AM100,"W/2 UL/2")*0.5+COUNTIF(I100:AM100,"AL/2 UL/2")*0.5 -> 0 | AR100: =COUNTIF(I100:AM100,"PH") -> 0 | AS100: =COUNTIF(I100:AM100,"SL") -> 0 | AT100: =COUNTIF(I100:AM100,"PL") -> 0 | AW100: =(AO100+AP100)*BF100/AN100 -> 0 | BB100: -40000 | BC100: 8 | BD100: 2026 | BE100: Tăng mới tháng 8 | BF100: 0
A101: 94 | B101: LEP242 | D101: Trần Minh Tự | E101: Production | F101: Painting Line Operator | G101: 03/08/2026 | H101: =B101&$AM$5 -> LEP24246254 | I101: 0 | J101: 0 | K101: 0 | L101: 0 | M101: 0 | O101: 0 | P101: 0 | Q101: 0 | R101: 0 | S101: 0 | T101: 0 | V101: 0 | W101: 0 | X101: 0 | Y101: W | Z101: W | AA101: W | AC101: UL | AD101: W | AE101: UL | AF101: W | AG101: W | AH101: W | AJ101: UL | AK101: UL | AL101: RESIGNED | AM101: 0 | AN101: 27 | AO101: =COUNTIF(I101:AM101,"W")+COUNTIF(I101:AM101,"W/2 AL/2")*0.5+COUNTIF(I101:AM101,"BT")+COUNTIF(I101:AM101,"N")++COUNTIF(I101:AM101,"W/2 UL/2")*0.5 -> 7 | AP101: =COUNTIF(I101:AM101,"AL")+COUNTIF(I101:AM101,"W/2 AL/2")*0.5+COUNTIF(I101:AM101,"AL/2 UL/2")*0.5 -> 0 | AQ101: =COUNTIF(I101:AM101,"UL")+COUNTIF(I101:AM101,"W/2 UL/2")*0.5+COUNTIF(I101:AM101,"AL/2 UL/2")*0.5 -> 4 | AR101: =COUNTIF(I101:AM101,"PH") -> 0 | AS101: =COUNTIF(I101:AM101,"SL") -> 0 | AT101: =COUNTIF(I101:AM101,"PL") -> 0 | AX101: =500000*(1-IF(COUNTIF(J101:AM101,"UL")>=2,IF(COUNTIF(J101:AM101,"UL")>=3,1,0.5),0)) -> 0 | BB101: -40000 | BC101: 8 | BD101: 2026 | BF101: 1000000
...

Sheet Thai san
A7: 39 | B7: LEP131 | D7: Đỗ Thị Kim Liên | E7: Production | F7: Production Operator | G7: 25/11/2025 | H7: =B7&'Working time'!$N$5 -> LEP13146229 | I7: MATERNITY LEAVE | AN7: 27 | AO7: =COUNTIF(I7:AM7,"W")+COUNTIF(I7:AM7,"W/2 AL/2")*0.5+COUNTIF(I7:AM7,"BT")+COUNTIF(I7:AM7,"N")++COUNTIF(I7:AM7,"W/2 UL/2")*0.5 -> 0 | AP7: =COUNTIF(I7:AM7,"AL")+COUNTIF(I7:AM7,"W/2 AL/2")*0.5+COUNTIF(I7:AM7,"AL/2 UL/2")*0.5 -> 0 | AQ7: =COUNTIF(I7:AM7,"UL")+COUNTIF(I7:AM7,"W/2 UL/2")*0.5+COUNTIF(I7:AM7,"AL/2 UL/2")*0.5 -> 0 | AR7: =COUNTIF(I7:AM7,"PH") -> 0 | AS7: =COUNTIF(I7:AM7,"SL") -> 0 | AT7: =COUNTIF(I7:AM7,"PL") -> 0 | AX7: =(AO7+AP7)*(500000*(1-IF(COUNTIF(J7:AM7,"UL")>=2,IF(COUNTIF(J7:AM7,"UL")>=3,1,0.5),0)))/AN7 -> 0 | BC7: 8 | BD7: 2026

Sheet Leave
A1: No./ STT | B1: Employee ID / Mã nhân viên | C1: Employee ID / Mã nhân viên | D1: Name / Tên nhân viên | E1: Dept/ Bộ phận | F1: Position/ Chức vụ | G1: Start Date Ngày bắt đầu làm việc
H3: Ngày nghỉ | I3: Loại nghỉ
B4: LEP009 | D4: =VLOOKUP(B4,'Working time'!B:D,3,0) -> Nguyễn Đăng Khoa | E4: =VLOOKUP(B4,'Working time'!B:F,4,0) -> Logistics | F4: =VLOOKUP(B4,'Working time'!B:F,5,0) -> Logistic Supervisor | G4: =VLOOKUP(B4,'Working time'!B:G,6,0) -> 21/7/2025 | H4: 46211 | I4: AL | J4: 1
B5: LEP010 | D5: =VLOOKUP(B5,'Working time'!B:D,3,0) -> Trịnh Đình Tâm | E5: =VLOOKUP(B5,'Working time'!B:F,4,0) -> WH | F5: =VLOOKUP(B5,'Working time'!B:F,5,0) -> Riveting Forklift Driver | G5: =VLOOKUP(B5,'Working time'!B:G,6,0) -> 4/8/2025 | H5: 30/7/2026 | I5: UL | J5: 1
B6: LEP010 | D6: =VLOOKUP(B6,'Working time'!B:D,3,0) -> Trịnh Đình Tâm | E6: =VLOOKUP(B6,'Working time'!B:F,4,0) -> WH | F6: =VLOOKUP(B6,'Working time'!B:F,5,0) -> Riveting Forklift Driver | G6: =VLOOKUP(B6,'Working time'!B:G,6,0) -> 4/8/2025 | H6: 46242 | I6: AL | J6: 0.5
B7: LEP018 | D7: =VLOOKUP(B7,'Working time'!B:D,3,0) -> Thạch Bạch Tra | E7: =VLOOKUP(B7,'Working time'!B:F,4,0) -> WH | F7: =VLOOKUP(B7,'Working time'!B:F,5,0) -> Warehouse Forklift Driver | G7: =VLOOKUP(B7,'Working time'!B:G,6,0) -> 18/8/2025 | H7: 31/7/2026 | I7: AL | J7: 1
B8: LEP018 | D8: =VLOOKUP(B8,'Working time'!B:D,3,0) -> Thạch Bạch Tra | E8: =VLOOKUP(B8,'Working time'!B:F,4,0) -> WH | F8: =VLOOKUP(B8,'Working time'!B:F,5,0) -> Warehouse Forklift Driver | G8: =VLOOKUP(B8,'Working time'!B:G,6,0) -> 18/8/2025 | H8: 21/07/2026 | I8: UL | J8: 0.1 | K8: VỀ SỚM
B9: LEP027 | D9: =VLOOKUP(B9,'Working time'!B:D,3,0) -> Nguyễn Vũ Nguyệt Anh | E9: =VLOOKUP(B9,'Working time'!B:F,4,0) -> QC | F9: =VLOOKUP(B9,'Working time'!B:F,5,0) -> QC Inspector | G9: =VLOOKUP(B9,'Working time'!B:G,6,0) -> 25/8/2025 | H9: 20/7/2026 | I9: UL | J9: 1
B10: LEP027 | D10: =VLOOKUP(B10,'Working time'!B:D,3,0) -> Nguyễn Vũ Nguyệt Anh | E10: =VLOOKUP(B10,'Working time'!B:F,4,0) -> QC | F10: =VLOOKUP(B10,'Working time'!B:F,5,0) -> QC Inspector | G10: =VLOOKUP(B10,'Working time'!B:G,6,0) -> 25/8/2025 | H10: 21/7/2026 | I10: UL | J10: 1
B11: LEP027 | D11: =VLOOKUP(B11,'Working time'!B:D,3,0) -> Nguyễn Vũ Nguyệt Anh | E11: =VLOOKUP(B11,'Working time'!B:F,4,0) -> QC | F11: =VLOOKUP(B11,'Working time'!B:F,5,0) -> QC Inspector | G11: =VLOOKUP(B11,'Working time'!B:G,6,0) -> 25/8/2025 | H11: 22/7/2026 | I11: UL | J11: 1
B12: LEP027 | D12: =VLOOKUP(B12,'Working time'!B:D,3,0) -> Nguyễn Vũ Nguyệt Anh | E12: =VLOOKUP(B12,'Working time'!B:F,4,0) -> QC | F12: =VLOOKUP(B12,'Working time'!B:F,5,0) -> QC Inspector | G12: =VLOOKUP(B12,'Working time'!B:G,6,0) -> 25/8/2025 | H12: 23/7/2026 | I12: UL | J12: 1
B13: LEP027 | D13: =VLOOKUP(B13,'Working time'!B:D,3,0) -> Nguyễn Vũ Nguyệt Anh | E13: =VLOOKUP(B13,'Working time'!B:F,4,0) -> QC | F13: =VLOOKUP(B13,'Working time'!B:F,5,0) -> QC Inspector | G13: =VLOOKUP(B13,'Working time'!B:G,6,0) -> 25/8/2025 | H13: 24/7/2026 | I13: UL | J13: 1
B14: LEP027 | D14: =VLOOKUP(B14,'Working time'!B:D,3,0) -> Nguyễn Vũ Nguyệt Anh | E14: =VLOOKUP(B14,'Working time'!B:F,4,0) -> QC | F14: =VLOOKUP(B14,'Working time'!B:F,5,0) -> QC Inspector | G14: =VLOOKUP(B14,'Working time'!B:G,6,0) -> 25/8/2025 | H14: 25/7/2026 | I14: AL | J14: 1
B15: LEP029 | D15: =VLOOKUP(B15,'Working time'!B:D,3,0) -> Nguyễn Phương Nam | E15: =VLOOKUP(B15,'Working time'!B:F,4,0) -> WH | F15: =VLOOKUP(B15,'Working time'!B:F,5,0) -> WH Forklift Driver | G15: =VLOOKUP(B15,'Working time'!B:G,6,0) -> 26/8/2025 | H15: 46211 | I15: AL | J15: 1
B16: LEP029 | D16: =VLOOKUP(B16,'Working time'!B:D,3,0) -> Nguyễn Phương Nam | E16: =VLOOKUP(B16,'Working time'!B:F,4,0) -> WH | F16: =VLOOKUP(B16,'Working time'!B:F,5,0) -> WH Forklift Driver | G16: =VLOOKUP(B16,'Working time'!B:G,6,0) -> 26/8/2025 | H16: 13/8/2026 | I16: UL | J16: 1
B17: LEP031 | D17: =VLOOKUP(B17,'Working time'!B:D,3,0) -> Dương Tấn Thanh | E17: =VLOOKUP(B17,'Working time'!B:F,4,0) -> WH | F17: =VLOOKUP(B17,'Working time'!B:F,5,0) -> WH Operator | G17: =VLOOKUP(B17,'Working time'!B:G,6,0) -> 29/8/2025 | H17: 46334 | I17: AL | J17: 1
B18: LEP036 | D18: =VLOOKUP(B18,'Working time'!B:D,3,0) -> Hà Văn Sáng | E18: =VLOOKUP(B18,'Working time'!B:F,4,0) -> WH | F18: =VLOOKUP(B18,'Working time'!B:F,5,0) -> WH Forklift Driver | G18: =VLOOKUP(B18,'Working time'!B:G,6,0) -> 45878 | H18: 27/7/2026 | I18: AL | J18: 1
B19: LEP036 | D19: =VLOOKUP(B19,'Working time'!B:D,3,0) -> Hà Văn Sáng | E19: =VLOOKUP(B19,'Working time'!B:F,4,0) -> WH | F19: =VLOOKUP(B19,'Working time'!B:F,5,0) -> WH Forklift Driver | G19: =VLOOKUP(B19,'Working time'!B:G,6,0) -> 45878 | H19: 17/8/2026 | I19: AL | J19: 1
B20: LEP040 | D20: =VLOOKUP(B20,'Working time'!B:D,3,0) -> Dương Văn Thành | E20: =VLOOKUP(B20,'Working time'!B:F,4,0) -> Finance | F20: =VLOOKUP(B20,'Working time'!B:F,5,0) -> Branch IT Administrator | G20: =VLOOKUP(B20,'Working time'!B:G,6,0) -> 15/09/2025 | H20: 31/07/2026 | I20: AL | J20: 1
B21: LEP045 | D21: =VLOOKUP(B21,'Working time'!B:D,3,0) -> Huỳnh Hoài Thương | E21: =VLOOKUP(B21,'Working time'!B:F,4,0) -> Production | F21: =VLOOKUP(B21,'Working time'!B:F,5,0) -> Riveting Line Operator | G21: =VLOOKUP(B21,'Working time'!B:G,6,0) -> 17/09/2025 | H21: 46150 | I21: AL | J21: 1
B22: LEP045 | D22: =VLOOKUP(B22,'Working time'!B:D,3,0) -> Huỳnh Hoài Thương | E22: =VLOOKUP(B22,'Working time'!B:F,4,0) -> Production | F22: =VLOOKUP(B22,'Working time'!B:F,5,0) -> Riveting Line Operator | G22: =VLOOKUP(B22,'Working time'!B:G,6,0) -> 17/09/2025 | H22: 23/7/2026 | I22: UL | J22: 1
B23: LEP048 | D23: =VLOOKUP(B23,'Working time'!B:D,3,0) -> Phan Phước Tài | E23: =VLOOKUP(B23,'Working time'!B:F,4,0) -> Maintenance (PRO) | F23: =VLOOKUP(B23,'Working time'!B:F,5,0) -> Mechanical Maintenance Specialist | G23: =VLOOKUP(B23,'Working time'!B:G,6,0) -> 25/09/2025 | H23: 21/07/2026 | I23: AL | J23: 0.5
B24: LEP048 | D24: =VLOOKUP(B24,'Working time'!B:D,3,0) -> Phan Phước Tài | E24: =VLOOKUP(B24,'Working time'!B:F,4,0) -> Maintenance (PRO) | F24: =VLOOKUP(B24,'Working time'!B:F,5,0) -> Mechanical Maintenance Specialist | G24: =VLOOKUP(B24,'Working time'!B:G,6,0) -> 25/09/2025 | H24: 22/07/2026 | I24: AL | J24: 0.5
B25: LEP054 | D25: =VLOOKUP(B25,'Working time'!B:D,3,0) -> Cao Ngọc Linh | E25: =VLOOKUP(B25,'Working time'!B:F,4,0) -> Maintenance (PRO) | F25: =VLOOKUP(B25,'Working time'!B:F,5,0) -> Environmental Protection Equipment | G25: =VLOOKUP(B25,'Working time'!B:G,6,0) -> 01/10/2025 | H25: 46334 | I25: AL | J25: 1
B26: LEP057 | D26: =VLOOKUP(B26,'Working time'!B:D,3,0) -> Lâm Thanh Hiếu | E26: =VLOOKUP(B26,'Working time'!B:F,4,0) -> Production | F26: =VLOOKUP(B26,'Working time'!B:F,5,0) -> Painting Line Operator | G26: =VLOOKUP(B26,'Working time'!B:G,6,0) -> 02/10/2025 | H26: 27/7/2026 | I26: AL | J26: 1
B27: LEP057 | D27: =VLOOKUP(B27,'Working time'!B:D,3,0) -> Lâm Thanh Hiếu | E27: =VLOOKUP(B27,'Working time'!B:F,4,0) -> Production | F27: =VLOOKUP(B27,'Working time'!B:F,5,0) -> Painting Line Operator | G27: =VLOOKUP(B27,'Working time'!B:G,6,0) -> 02/10/2025 | H27: 28/7/2026 | I27: AL | J27: 1
B28: LEP057 | D28: =VLOOKUP(B28,'Working time'!B:D,3,0) -> Lâm Thanh Hiếu | E28: =VLOOKUP(B28,'Working time'!B:F,4,0) -> Production | F28: =VLOOKUP(B28,'Working time'!B:F,5,0) -> Painting Line Operator | G28: =VLOOKUP(B28,'Working time'!B:G,6,0) -> 02/10/2025 | H28: 29/7/2026 | I28: AL | J28: 1
B29: LEP057 | D29: =VLOOKUP(B29,'Working time'!B:D,3,0) -> Lâm Thanh Hiếu | E29: =VLOOKUP(B29,'Working time'!B:F,4,0) -> Production | F29: =VLOOKUP(B29,'Working time'!B:F,5,0) -> Painting Line Operator | G29: =VLOOKUP(B29,'Working time'!B:G,6,0) -> 02/10/2025 | H29: 46334 | I29: UL | J29: 1
B30: LEP057 | D30: =VLOOKUP(B30,'Working time'!B:D,3,0) -> Lâm Thanh Hiếu | E30: =VLOOKUP(B30,'Working time'!B:F,4,0) -> Production | F30: =VLOOKUP(B30,'Working time'!B:F,5,0) -> Painting Line Operator | G30: =VLOOKUP(B30,'Working time'!B:G,6,0) -> 02/10/2025 | H30: 46334 | I30: UL | J30: 1
B31: LEP062 | D31: =VLOOKUP(B31,'Working time'!B:D,3,0) -> Dương Trung Toàn | E31: =VLOOKUP(B31,'Working time'!B:F,4,0) -> Production | F31: =VLOOKUP(B31,'Working time'!B:F,5,0) -> Riveting Line Operator | G31: =VLOOKUP(B31,'Working time'!B:G,6,0) -> 04/10/2025 | H31: 24/7/2026 | I31: UL | J31: 1
B32: LEP062 | D32: =VLOOKUP(B32,'Working time'!B:D,3,0) -> Dương Trung Toàn | E32: =VLOOKUP(B32,'Working time'!B:F,4,0) -> Production | F32: =VLOOKUP(B32,'Working time'!B:F,5,0) -> Riveting Line Operator | G32: =VLOOKUP(B32,'Working time'!B:G,6,0) -> 04/10/2025 | H32: 25/7/2026 | I32: UL | J32: 1
B33: LEP066A | D33: =VLOOKUP(B33,'Working time'!B:D,3,0) -> Quách Tam Xuân | E33: =VLOOKUP(B33,'Working time'!B:F,4,0) -> Production | F33: =VLOOKUP(B33,'Working time'!B:F,5,0) -> Riveting Line Operator | G33: =VLOOKUP(B33,'Working time'!B:G,6,0) -> 21/07/2026 | H33: 46334 | I33: UL | J33: 1
B34: LEP069 | D34: =VLOOKUP(B34,'Working time'!B:D,3,0) -> Siu Nhoát | E34: =VLOOKUP(B34,'Working time'!B:F,4,0) -> Production | F34: =VLOOKUP(B34,'Working time'!B:F,5,0) -> Riveting Line Operator | G34: =VLOOKUP(B34,'Working time'!B:G,6,0) -> 07/10/2025 | H34: 27/7/2026 | I34: SL | J34: 1 | K34: ỐM
B35: LEP069 | D35: =VLOOKUP(B35,'Working time'!B:D,3,0) -> Siu Nhoát | E35: =VLOOKUP(B36,'Working time'!B:F,4,0) -> Production | F35: =VLOOKUP(B36,'Working time'!B:F,5,0) -> Riveting Line Operator | G35: =VLOOKUP(B36,'Working time'!B:G,6,0) -> 15/10/2025 | H35: 28/7/2026 | I35: SL | J35: 1 | K35: ỐM
B36: LEP075 | D36: =VLOOKUP(B36,'Working time'!B:D,3,0) -> Trần Văn Trọn | E36: =VLOOKUP(B36,'Working time'!B:F,4,0) -> Production | F36: =VLOOKUP(B36,'Working time'!B:F,5,0) -> Riveting Line Operator | G36: =VLOOKUP(B36,'Working time'!B:G,6,0) -> 15/10/2025 | H36: 46211 | I36: AL | J36: 1
B37: LEP080 | D37: =VLOOKUP(B37,'Working time'!B:D,3,0) -> Phạm Hùng Cường | E37: =VLOOKUP(B37,'Working time'!B:F,4,0) -> Production | F37: =VLOOKUP(B37,'Working time'!B:F,5,0) -> Riveting Line Operator | G37: =VLOOKUP(B37,'Working time'!B:G,6,0) -> 17/10/2025 | H37: 46181 | I37: UL | J37: 1
B38: LEP080 | D38: =VLOOKUP(B38,'Working time'!B:D,3,0) -> Phạm Hùng Cường | E38: =VLOOKUP(B38,'Working time'!B:F,4,0) -> Production | F38: =VLOOKUP(B38,'Working time'!B:F,5,0) -> Riveting Line Operator | G38: =VLOOKUP(B38,'Working time'!B:G,6,0) -> 17/10/2025 | H38: 27/7/2026 | I38: AL | J38: 1
B39: LEP100A | D39: =VLOOKUP(B39,'Working time'!B:D,3,0) -> Trần Nhơn Ái | E39: =VLOOKUP(B39,'Working time'!B:F,4,0) -> Production | F39: =VLOOKUP(B39,'Working time'!B:F,5,0) -> Production Operator | G39: =VLOOKUP(B39,'Working time'!B:G,6,0) -> 09/07/2026 | H39: 46150 | I39: UL | J39: 1
B40: LEP100A | D40: =VLOOKUP(B40,'Working time'!B:D,3,0) -> Trần Nhơn Ái | E40: =VLOOKUP(B40,'Working time'!B:F,4,0) -> Production | F40: =VLOOKUP(B40,'Working time'!B:F,5,0) -> Production Operator | G40: =VLOOKUP(B40,'Working time'!B:G,6,0) -> 09/07/2026 | H40: 46120 | I40: AL | J40: 1
B41: LEP100A | D41: =VLOOKUP(B41,'Working time'!B:D,3,0) -> Trần Nhơn Ái | E41: =VLOOKUP(B41,'Working time'!B:F,4,0) -> Production | F41: =VLOOKUP(B41,'Working time'!B:F,5,0) -> Production Operator | G41: =VLOOKUP(B41,'Working time'!B:G,6,0) -> 09/07/2026 | H41: 46364 | I41: AL | J41: 1
B42: LEP103A | D42: =VLOOKUP(B42,'Working time'!B:D,3,0) -> Đặng Văn Trọng | E42: =VLOOKUP(B42,'Working time'!B:F,4,0) -> Production | F42: =VLOOKUP(B42,'Working time'!B:F,5,0) -> Riveting Line Operator | G42: =VLOOKUP(B42,'Working time'!B:G,6,0) -> 23/07/2026 | H42: 46120 | I42: UL | J42: 1
B43: LEP103A | D43: =VLOOKUP(B43,'Working time'!B:D,3,0) -> Đặng Văn Trọng | E43: =VLOOKUP(B43,'Working time'!B:F,4,0) -> Production | F43: =VLOOKUP(B43,'Working time'!B:F,5,0) -> Riveting Line Operator | G43: =VLOOKUP(B43,'Working time'!B:G,6,0) -> 23/07/2026 | H43: 46150 | I43: UL | J43: 1
B44: LEP104 | D44: =VLOOKUP(B44,'Working time'!B:D,3,0) -> Nguyễn Quang Linh | E44: =VLOOKUP(B44,'Working time'!B:F,4,0) -> Production | F44: =VLOOKUP(B44,'Working time'!B:F,5,0) -> Riveting Line Operator | G44: =VLOOKUP(B44,'Working time'!B:G,6,0) -> 29/10/2025 | H44: 25/7/2026 | I44: UL | J44: 1
B45: LEP104 | D45: =VLOOKUP(B45,'Working time'!B:D,3,0) -> Nguyễn Quang Linh | E45: =VLOOKUP(B45,'Working time'!B:F,4,0) -> Production | F45: =VLOOKUP(B45,'Working time'!B:F,5,0) -> Riveting Line Operator | G45: =VLOOKUP(B45,'Working time'!B:G,6,0) -> 29/10/2025 | H45: 30/7/2026 | I45: AL | J45: 1
B46: LEP104 | D46: =VLOOKUP(B46,'Working time'!B:D,3,0) -> Nguyễn Quang Linh | E46: =VLOOKUP(B46,'Working time'!B:F,4,0) -> Production | F46: =VLOOKUP(B46,'Working time'!B:F,5,0) -> Riveting Line Operator | G46: =VLOOKUP(B46,'Working time'!B:G,6,0) -> 29/10/2025 | H46: 46120 | I46: UL | J46: 1
B47: LEP109 | D47: =VLOOKUP(B47,'Working time'!B:D,3,0) -> Nguyễn Hữu Đức | E47: =VLOOKUP(B47,'Working time'!B:F,4,0) -> Production | F47: =VLOOKUP(B47,'Working time'!B:F,5,0) -> Riveting Line Operator | G47: =VLOOKUP(B47,'Working time'!B:G,6,0) -> 07/11/2025 | H47: 46181 | I47: UL | J47: 1
B48: LEP109 | D48: =VLOOKUP(B48,'Working time'!B:D,3,0) -> Nguyễn Hữu Đức | E48: =VLOOKUP(B48,'Working time'!B:F,4,0) -> Production | F48: =VLOOKUP(B48,'Working time'!B:F,5,0) -> Riveting Line Operator | G48: =VLOOKUP(B48,'Working time'!B:G,6,0) -> 07/11/2025 | H48: 46211 | I48: UL | J48: 1
B49: LEP109 | D49: =VLOOKUP(B49,'Working time'!B:D,3,0) -> Nguyễn Hữu Đức | E49: =VLOOKUP(B49,'Working time'!B:F,4,0) -> Production | F49: =VLOOKUP(B49,'Working time'!B:F,5,0) -> Riveting Line Operator | G49: =VLOOKUP(B49,'Working time'!B:G,6,0) -> 07/11/2025 | H49: 23/7/2026 | I49: AL | J49: 1
B50: LEP109 | D50: =VLOOKUP(B50,'Working time'!B:D,3,0) -> Nguyễn Hữu Đức | E50: =VLOOKUP(B50,'Working time'!B:F,4,0) -> Production | F50: =VLOOKUP(B50,'Working time'!B:F,5,0) -> Riveting Line Operator | G50: =VLOOKUP(B50,'Working time'!B:G,6,0) -> 07/11/2025 | H50: 29/7/2026 | I50: UL | J50: 1
B51: LEP109 | D51: =VLOOKUP(B51,'Working time'!B:D,3,0) -> Nguyễn Hữu Đức | E51: =VLOOKUP(B51,'Working time'!B:F,4,0) -> Production | F51: =VLOOKUP(B51,'Working time'!B:F,5,0) -> Riveting Line Operator | G51: =VLOOKUP(B51,'Working time'!B:G,6,0) -> 07/11/2025 | H51: 30/7/2026 | I51: UL | J51: 1
B52: LEP109 | D52: =VLOOKUP(B52,'Working time'!B:D,3,0) -> Nguyễn Hữu Đức | E52: =VLOOKUP(B52,'Working time'!B:F,4,0) -> Production | F52: =VLOOKUP(B52,'Working time'!B:F,5,0) -> Riveting Line Operator | G52: =VLOOKUP(B52,'Working time'!B:G,6,0) -> 07/11/2025 | H52: 18/8/2026 | I52: UL | J52: 1
A53: 1 | B53: LEP112A | C53: 1013789 | D53: =VLOOKUP(B53,'Working time'!B:D,3,0) -> Hồ Thị Lan | E53: =VLOOKUP(B53,'Working time'!B:F,4,0) -> Production | F53: =VLOOKUP(B53,'Working time'!B:F,5,0) -> Production Operator | G53: =VLOOKUP(B53,'Working time'!B:G,6,0) -> 14/07/2026 | H53: 46303 | I53: UL | J53: 1
B54: LEP112A | D54: =VLOOKUP(B54,'Working time'!B:D,3,0) -> Hồ Thị Lan | E54: =VLOOKUP(B54,'Working time'!B:F,4,0) -> Production | F54: =VLOOKUP(B54,'Working time'!B:F,5,0) -> Production Operator | G54: =VLOOKUP(B54,'Working time'!B:G,6,0) -> 14/07/2026 | H54: 27/7/2026 | I54: UL | J54: 1
B55: LEP112A | D55: =VLOOKUP(B55,'Working time'!B:D,3,0) -> Hồ Thị Lan | E55: =VLOOKUP(B55,'Working time'!B:F,4,0) -> Production | F55: =VLOOKUP(B55,'Working time'!B:F,5,0) -> Production Operator | G55: =VLOOKUP(B55,'Working time'!B:G,6,0) -> 14/07/2026 | H55: 46303 | I55: UL | J55: 1
B56: LEP113 | D56: =VLOOKUP(B56,'Working time'!B:D,3,0) -> Phan Thị Kim Anh | E56: =VLOOKUP(B56,'Working time'!B:F,4,0) -> Production | F56: =VLOOKUP(B56,'Working time'!B:F,5,0) -> Production Operator | G56: =VLOOKUP(B56,'Working time'!B:G,6,0) -> 18/11/2025 | H56: 46242 | I56: AL | J56: 1
B57: LEP114 | D57: =VLOOKUP(B57,'Working time'!B:D,3,0) -> Nguyễn Văn Út | E57: =VLOOKUP(B57,'Working time'!B:F,4,0) -> Production | F57: =VLOOKUP(B57,'Working time'!B:F,5,0) -> Production Operator | G57: =VLOOKUP(B57,'Working time'!B:G,6,0) -> 18/11/2025 | H57: 46181 | I57: AL | J57: 1
B58: LEP114 | D58: =VLOOKUP(B58,'Working time'!B:D,3,0) -> Nguyễn Văn Út | E58: =VLOOKUP(B58,'Working time'!B:F,4,0) -> Production | F58: =VLOOKUP(B58,'Working time'!B:F,5,0) -> Production Operator | G58: =VLOOKUP(B58,'Working time'!B:G,6,0) -> 18/11/2025 | H58: 22/7/2026 | I58: UL | J58: 1
B59: LEP116A | D59: =VLOOKUP(B59,'Working time'!B:D,3,0) -> Ngô Văn Thảo | E59: =VLOOKUP(B59,'Working time'!B:F,4,0) -> Production | F59: =VLOOKUP(B59,'Working time'!B:F,5,0) -> Production Operator | G59: =VLOOKUP(B59,'Working time'!B:G,6,0) -> 14/07/2026 | H59: 46303 | I59: UL | J59: 1
B60: LEP116A | D60: =VLOOKUP(B60,'Working time'!B:D,3,0) -> Ngô Văn Thảo | E60: =VLOOKUP(B60,'Working time'!B:F,4,0) -> Production | F60: =VLOOKUP(B60,'Working time'!B:F,5,0) -> Production Operator | G60: =VLOOKUP(B60,'Working time'!B:G,6,0) -> 14/07/2026 | H60: 46181 | I60: UL | J60: 1
B61: LEP116A | D61: =VLOOKUP(B61,'Working time'!B:D,3,0) -> Ngô Văn Thảo | E61: =VLOOKUP(B61,'Working time'!B:F,4,0) -> Production | F61: =VLOOKUP(B61,'Working time'!B:F,5,0) -> Production Operator | G61: =VLOOKUP(B61,'Working time'!B:G,6,0) -> 14/07/2026 | H61: 46211 | I61: UL | J61: 1
B62: LEP116A | D62: =VLOOKUP(B62,'Working time'!B:D,3,0) -> Ngô Văn Thảo | E62: =VLOOKUP(B62,'Working time'!B:F,4,0) -> Production | F62: =VLOOKUP(B62,'Working time'!B:F,5,0) -> Production Operator | G62: =VLOOKUP(B62,'Working time'!B:G,6,0) -> 14/07/2026 | H62: 27/7/2026 | I62: UL | J62: 1
B63: LEP116A | D63: =VLOOKUP(B63,'Working time'!B:D,3,0) -> Ngô Văn Thảo | E63: =VLOOKUP(B63,'Working time'!B:F,4,0) -> Production | F63: =VLOOKUP(B63,'Working time'!B:F,5,0) -> Production Operator | G63: =VLOOKUP(B63,'Working time'!B:G,6,0) -> 14/07/2026 | H63: 46303 | I63: UL | J63: 1
B64: LEP132 | D64: =VLOOKUP(B64,'Working time'!B:D,3,0) -> Nguyễn Thị Hương | E64: =VLOOKUP(B64,'Working time'!B:F,4,0) -> Production | F64: =VLOOKUP(B64,'Working time'!B:F,5,0) -> Production Operator | G64: =VLOOKUP(B64,'Working time'!B:G,6,0) -> 25/11/2025 | H64: 22/7/2026 | I64: AL | J64: 1
B65: LEP132 | D65: =VLOOKUP(B65,'Working time'!B:D,3,0) -> Nguyễn Thị Hương | E65: =VLOOKUP(B65,'Working time'!B:F,4,0) -> Production | F65: =VLOOKUP(B65,'Working time'!B:F,5,0) -> Production Operator | G65: =VLOOKUP(B65,'Working time'!B:G,6,0) -> 25/11/2025 | H65: 46303 | I65: SL | J65: 1 | K65: Ốm
B66: LEP132 | D66: =VLOOKUP(B66,'Working time'!B:D,3,0) -> Nguyễn Thị Hương | E66: =VLOOKUP(B66,'Working time'!B:F,4,0) -> Production | F66: =VLOOKUP(B66,'Working time'!B:F,5,0) -> Production Operator | G66: =VLOOKUP(B66,'Working time'!B:G,6,0) -> 25/11/2025 | H66: 46334 | I66: SL | J66: 1 | K66: Ốm
B67: LEP134 | D67: =VLOOKUP(B67,'Working time'!B:D,3,0) -> Nguyễn Thị Cẩm Hằng | E67: =VLOOKUP(B67,'Working time'!B:F,4,0) -> Production | F67: =VLOOKUP(B67,'Working time'!B:F,5,0) -> Production Operator | G67: =VLOOKUP(B67,'Working time'!B:G,6,0) -> 25/11/2025 | H67: 46150 | I67: UL | J67: 1
B68: LEP134 | D68: =VLOOKUP(B68,'Working time'!B:D,3,0) -> Nguyễn Thị Cẩm Hằng | E68: =VLOOKUP(B68,'Working time'!B:F,4,0) -> Production | F68: =VLOOKUP(B68,'Working time'!B:F,5,0) -> Production Operator | G68: =VLOOKUP(B68,'Working time'!B:G,6,0) -> 25/11/2025 | H68: 46120 | I68: UL | J68: 1
B69: LEP146 | D69: =VLOOKUP(B69,'Working time'!B:D,3,0) -> Nguyễn Thị Diệu Minh | E69: =VLOOKUP(B69,'Working time'!B:F,4,0) -> Production | F69: =VLOOKUP(B69,'Working time'!B:F,5,0) -> Production Operator | G69: =VLOOKUP(B69,'Working time'!B:G,6,0) -> 16/12/2025 | H69: 46242 | I69: UL | J69: 1
B70: LEP146 | D70: =VLOOKUP(B70,'Working time'!B:D,3,0) -> Nguyễn Thị Diệu Minh | E70: =VLOOKUP(B70,'Working time'!B:F,4,0) -> Production | F70: =VLOOKUP(B70,'Working time'!B:F,5,0) -> Production Operator | G70: =VLOOKUP(B70,'Working time'!B:G,6,0) -> 16/12/2025 | H70: 46089 | I70: AL | J70: 1
B71: LEP146 | D71: =VLOOKUP(B71,'Working time'!B:D,3,0) -> Nguyễn Thị Diệu Minh | E71: =VLOOKUP(B71,'Working time'!B:F,4,0) -> Production | F71: =VLOOKUP(B71,'Working time'!B:F,5,0) -> Production Operator | G71: =VLOOKUP(B71,'Working time'!B:G,6,0) -> 16/12/2025 | H71: 46030 | I71: UL | J71: 1
B72: LEP146 | D72: =VLOOKUP(B72,'Working time'!B:D,3,0) -> Nguyễn Thị Diệu Minh | E72: =VLOOKUP(B72,'Working time'!B:F,4,0) -> Production | F72: =VLOOKUP(B72,'Working time'!B:F,5,0) -> Production Operator | G72: =VLOOKUP(B72,'Working time'!B:G,6,0) -> 16/12/2025 | H72: 46089 | I72: UL | J72: 1
B73: LEP146 | D73: =VLOOKUP(B73,'Working time'!B:D,3,0) -> Nguyễn Thị Diệu Minh | E73: =VLOOKUP(B73,'Working time'!B:F,4,0) -> Production | F73: =VLOOKUP(B73,'Working time'!B:F,5,0) -> Production Operator | G73: =VLOOKUP(B73,'Working time'!B:G,6,0) -> 16/12/2025 | H73: 46120 | I73: UL | J73: 1
B74: LEP146 | D74: =VLOOKUP(B74,'Working time'!B:D,3,0) -> Nguyễn Thị Diệu Minh | E74: =VLOOKUP(B74,'Working time'!B:F,4,0) -> Production | F74: =VLOOKUP(B74,'Working time'!B:F,5,0) -> Production Operator | G74: =VLOOKUP(B74,'Working time'!B:G,6,0) -> 16/12/2025 | H74: 46211 | I74: UL | J74: 1
B75: LEP149 | D75: =VLOOKUP(B75,'Working time'!B:D,3,0) -> Hà Ngọc Lưu | E75: =VLOOKUP(B75,'Working time'!B:F,4,0) -> WH | F75: =VLOOKUP(B75,'Working time'!B:F,5,0) -> Warehouse Team Leader | G75: =VLOOKUP(B75,'Working time'!B:G,6,0) -> 09/01/2026 | H75: 46211 | I75: SL | J75: 1 | K75: Ốm
B76: LEP158 | D76: =VLOOKUP(B76,'Working time'!B:D,3,0) -> Nguyễn Tiến Đạt | E76: =VLOOKUP(B77,'Working time'!B:F,4,0) -> Production | F76: =VLOOKUP(B77,'Working time'!B:F,5,0) -> Production Operator | G76: =VLOOKUP(B77,'Working time'!B:G,6,0) -> 25/02/2026 | H76: 25/7/2026 | I76: UL | J76: 1
B77: LEP158 | D77: =VLOOKUP(B77,'Working time'!B:D,3,0) -> Nguyễn Tiến Đạt | E77: =VLOOKUP(B78,'Working time'!B:F,4,0) -> Production | F77: =VLOOKUP(B78,'Working time'!B:F,5,0) -> Production Operator | G77: =VLOOKUP(B78,'Working time'!B:G,6,0) -> 26/02/2026 | H77: 27/7/2026 | I77: UL | J77: 1
B78: LEP165A | D78: =VLOOKUP(B78,'Working time'!B:D,3,0) -> Trần Văn Trí | E78: =VLOOKUP(B78,'Working time'!B:F,4,0) -> Production | F78: =VLOOKUP(B78,'Working time'!B:F,5,0) -> Production Operator | G78: =VLOOKUP(B78,'Working time'!B:G,6,0) -> 26/02/2026 | H78: 46211 | I78: UL | J78: 1
B79: LEP165A | D79: =VLOOKUP(B79,'Working time'!B:D,3,0) -> Trần Văn Trí | E79: =VLOOKUP(B79,'Working time'!B:F,4,0) -> Production | F79: =VLOOKUP(B79,'Working time'!B:F,5,0) -> Production Operator | G79: =VLOOKUP(B79,'Working time'!B:G,6,0) -> 26/02/2026 | H79: 28/7/2026 | I79: UL | J79: 1
B80: LEP165A | D80: =VLOOKUP(B80,'Working time'!B:D,3,0) -> Trần Văn Trí | E80: =VLOOKUP(B80,'Working time'!B:F,4,0) -> Production | F80: =VLOOKUP(B80,'Working time'!B:F,5,0) -> Production Operator | G80: =VLOOKUP(B80,'Working time'!B:G,6,0) -> 26/02/2026 | H80: 29/7/2026 | I80: UL | J80: 1
B81: LEP165A | D81: =VLOOKUP(B81,'Working time'!B:D,3,0) -> Trần Văn Trí | E81: =VLOOKUP(B81,'Working time'!B:F,4,0) -> Production | F81: =VLOOKUP(B81,'Working time'!B:F,5,0) -> Production Operator | G81: =VLOOKUP(B81,'Working time'!B:G,6,0) -> 26/02/2026 | H81: 31/7/2026 | I81: UL | J81: 1
B82: LEP169 | D82: =VLOOKUP(B82,'Working time'!B:D,3,0) -> Phạm Lí Hùng | E82: =VLOOKUP(B82,'Working time'!B:F,4,0) -> WH | F82: =VLOOKUP(B82,'Working time'!B:F,5,0) -> WH Operator | G82: =VLOOKUP(B82,'Working time'!B:G,6,0) -> 03/03/2026 | H82: 46211 | I82: UL | J82: 1
B83: LEP170 | D83: =VLOOKUP(B83,'Working time'!B:D,3,0) -> Phạm Quang Vinh | E83: =VLOOKUP(B83,'Working time'!B:F,4,0) -> WH | F83: =VLOOKUP(B83,'Working time'!B:F,5,0) -> WH Staff | G83: =VLOOKUP(B83,'Working time'!B:G,6,0) -> 05/03/2026 | H83: 30/7/2026 | I83: UL | J83: 1
B84: LEP170 | D84: =VLOOKUP(B84,'Working time'!B:D,3,0) -> Phạm Quang Vinh | E84: =VLOOKUP(B84,'Working time'!B:F,4,0) -> WH | F84: =VLOOKUP(B84,'Working time'!B:F,5,0) -> WH Staff | G84: =VLOOKUP(B84,'Working time'!B:G,6,0) -> 05/03/2026 | H84: 29/7/2026 | I84: AL | J84: 1
B85: LEP180 | D85: =VLOOKUP(B85,'Working time'!B:D,3,0) -> Phạm Văn Giang | E85: =VLOOKUP(B85,'Working time'!B:F,4,0) -> WH | F85: =VLOOKUP(B85,'Working time'!B:F,5,0) -> WH Operator | G85: =VLOOKUP(B85,'Working time'!B:G,6,0) -> 06/03/2026 | H85: 46150 | I85: AL | J85: 1
B86: LEP181D | D86: =VLOOKUP(B86,'Working time'!B:D,3,0) -> Nguyễn Diệu Hân | E86: =VLOOKUP(B86,'Working time'!B:F,4,0) -> Production | F86: =VLOOKUP(B86,'Working time'!B:F,5,0) -> Production Operator | G86: =VLOOKUP(B86,'Working time'!B:G,6,0) -> 11/03/2026 | H86: 46211 | I86: PL | J86: 1 | K86: ỐM
B87: LEP181D | D87: =VLOOKUP(B87,'Working time'!B:D,3,0) -> Nguyễn Diệu Hân | E87: =VLOOKUP(B87,'Working time'!B:F,4,0) -> Production | F87: =VLOOKUP(B87,'Working time'!B:F,5,0) -> Production Operator | G87: =VLOOKUP(B87,'Working time'!B:G,6,0) -> 11/03/2026 | H87: 46242 | I87: PL | J87: 1 | K87: ỐM
B88: LEP181D | D88: =VLOOKUP(B88,'Working time'!B:D,3,0) -> Nguyễn Diệu Hân | E88: =VLOOKUP(B88,'Working time'!B:F,4,0) -> Production | F88: =VLOOKUP(B88,'Working time'!B:F,5,0) -> Production Operator | G88: =VLOOKUP(B88,'Working time'!B:G,6,0) -> 11/03/2026 | H88: 46273 | I88: PL | J88: 1 | K88: ỐM
B89: LEP181D | D89: =VLOOKUP(B89,'Working time'!B:D,3,0) -> Nguyễn Diệu Hân | E89: =VLOOKUP(B89,'Working time'!B:F,4,0) -> Production | F89: =VLOOKUP(B89,'Working time'!B:F,5,0) -> Production Operator | G89: =VLOOKUP(B89,'Working time'!B:G,6,0) -> 11/03/2026 | H89: 46303 | I89: PL | J89: 1 | K89: ỐM
B90: LEP181D | D90: =VLOOKUP(B90,'Working time'!B:D,3,0) -> Nguyễn Diệu Hân | E90: =VLOOKUP(B90,'Working time'!B:F,4,0) -> Production | F90: =VLOOKUP(B90,'Working time'!B:F,5,0) -> Production Operator | G90: =VLOOKUP(B90,'Working time'!B:G,6,0) -> 11/03/2026 | H90: 46334 | I90: PL | J90: 1 | K90: ỐM
B91: LEP181D | D91: =VLOOKUP(B91,'Working time'!B:D,3,0) -> Nguyễn Diệu Hân | E91: =VLOOKUP(B91,'Working time'!B:F,4,0) -> Production | F91: =VLOOKUP(B91,'Working time'!B:F,5,0) -> Production Operator | G91: =VLOOKUP(B91,'Working time'!B:G,6,0) -> 11/03/2026 | H91: 46364 | I91: PL | J91: 1 | K91: ỐM
